学号,编程年份,OJ提交数,OJ正确数,OJ准确率,cfRating,cfTimes,all_cf_aftersolve,correct_cf_aftersolve,获奖类别,省部级获奖数,国家级获奖数
2013014153,0,355,205,0.5774647887323944,0,0,0,0,9,0,0
2012014390,4,471,226,0.4798301486199576,0,0,0,0,9,0,0
2015017001,0,372,230,0.6182795698924731,0,0,0,0,9,0,0
2018040528,1,112,52,0.4642857142857143,0,0,0,0,9,0,0
2013014127,2,437,189,0.43249427917620137,0,0,0,0,9,0,0
2012014374,4,364,198,0.5439560439560439,0,0,0,0,9,0,0
2018040501,4,195,92,0.4717948717948718,0,0,0,0,9,0,0
2018040513,0,83,41,0.4939759036144578,1281,7,0,0,9,0,0
2019040462,1,2,2,1.0,1065,4,0,0,9,0,0
2016014420,0,42,15,0.35714285714285715,0,0,0,0,9,0,0
2013014186,1,392,167,0.4260204081632653,0,0,0,0,9,0,0
2013014144,0,307,163,0.5309446254071661,0,0,0,0,9,0,0
2018040391,2,74,30,0.40540540540540543,0,0,0,0,9,0,0
2016014302,3,198,106,0.5353535353535354,0,0,0,0,9,0,0
2014014323,2,279,126,0.4516129032258064,0,0,0,0,9,0,0
2014014306,3,378,152,0.4021164021164021,0,0,0,0,9,0,0
2016014343,0,176,72,0.4090909090909091,0,0,0,0,9,0,0
2013014124,2,510,225,0.4411764705882353,0,0,0,0,9,0,0
2018040466,3,99,54,0.5454545454545454,0,0,0,0,9,0,0
2014014364,4,646,178,0.2755417956656347,0,0,0,0,9,0,0
2018040397,1,69,29,0.42028985507246375,1247,5,40,7,9,0,0
2018040469,4,17,7,0.4117647058823529,0,0,0,0,9,0,0
2013014181,0,310,166,0.535483870967742,0,0,0,0,9,0,0
2013014094,0,284,146,0.5140845070422535,0,0,0,0,9,0,0
2013014170,4,212,128,0.6037735849056604,0,0,0,0,9,0,0
2013014139,3,434,180,0.4147465437788018,0,0,0,0,9,0,0
2014014308,1,227,105,0.4625550660792952,0,0,0,0,9,0,0
2018040499,3,126,61,0.4841269841269841,0,0,0,0,9,0,0
2013014173,2,225,132,0.5866666666666667,0,0,0,0,9,0,0
2018040502,3,114,66,0.5789473684210527,0,0,0,0,9,0,0
2012014362,2,316,168,0.5316455696202531,0,0,0,0,9,0,0
2017040367,1,39,11,0.28205128205128205,0,0,0,0,9,0,0
2013014105,2,245,114,0.4653061224489796,0,0,0,0,9,0,0
2018040534,3,150,61,0.4066666666666667,0,0,0,0,9,0,0
2015014900,1,452,199,0.4402654867256637,0,0,0,0,9,0,0
2013014212,4,159,107,0.6729559748427673,0,0,0,0,9,0,0
2018040422,4,24,14,0.5833333333333334,0,0,0,0,9,0,0
2015014357,2,170,82,0.4823529411764706,0,0,0,0,9,0,0
2016014577,2,10,2,0.2,0,0,0,0,9,0,0
2017040256,2,32,17,0.53125,1383,1,0,0,9,0,0
2018040507,4,62,30,0.4838709677419355,0,0,0,0,9,0,0
2019040422,1,7,6,0.8571428571428571,0,0,0,0,9,0,0
2018040525,0,79,51,0.6455696202531646,0,0,0,0,9,0,0
2015014178,0,101,59,0.5841584158415841,0,0,0,0,9,0,0
2018040481,4,13,9,0.6923076923076923,0,0,0,0,9,0,0
2018040495,0,110,51,0.4636363636363636,0,0,0,0,9,0,0
2018040515,1,121,67,0.5537190082644629,0,0,0,0,9,0,0
2013014160,3,189,95,0.5026455026455027,0,0,0,0,9,0,0
2018170056,1,125,28,0.224,0,0,0,0,9,0,0
2013014102,4,148,101,0.6824324324324325,0,0,0,0,9,0,0
2015014303,0,155,79,0.5096774193548387,0,0,0,0,9,0,0
2016016464,4,125,79,0.632,0,0,0,0,9,0,0
2013014093,2,304,111,0.3651315789473684,0,0,0,0,9,0,0
2012014379,1,272,145,0.5330882352941176,0,0,0,0,9,0,0
2018040512,4,21,11,0.5238095238095238,0,0,0,0,9,0,0
2013014103,3,167,93,0.5568862275449101,0,0,0,0,9,0,0
2015014400,2,128,59,0.4609375,0,0,0,0,9,0,0
2016014376,1,104,57,0.5480769230769231,0,0,0,0,9,0,0
2016013057,3,33,14,0.42424242424242425,0,0,0,0,9,0,0
2014014128,2,240,176,0.7333333333333333,0,0,0,0,9,0,0
2016012148,3,78,34,0.4358974358974359,0,0,0,0,9,0,0
2014014311,3,127,66,0.5196850393700787,0,0,0,0,9,0,0
2013014107,3,170,97,0.5705882352941176,0,0,0,0,9,0,0
2015011170,1,217,119,0.5483870967741935,0,0,0,0,9,0,0
2013014248,0,140,80,0.5714285714285714,0,0,0,0,9,0,0
2018040483,4,54,22,0.4074074074074074,1319,4,11,3,9,0,0
2014014290,1,122,72,0.5901639344262295,0,0,0,0,9,0,0
2015014368,1,130,73,0.5615384615384615,0,0,0,0,9,0,0
2018040396,1,18,14,0.7777777777777778,0,0,0,0,9,0,0
2018040442,1,62,23,0.3709677419354839,0,0,0,0,9,0,0
2018040492,2,121,53,0.4380165289256198,0,0,0,0,9,0,0
2015014367,0,94,64,0.6808510638297872,0,0,0,0,9,0,0
2012014356,4,223,140,0.6278026905829597,0,0,0,0,9,0,0
2015014366,4,112,59,0.5267857142857143,0,0,0,0,9,0,0
2013014092,3,193,77,0.39896373056994816,0,0,0,0,9,0,0
2013014211,3,145,85,0.5862068965517241,0,0,0,0,9,0,0
2013014164,2,172,96,0.5581395348837209,0,0,0,0,9,0,0
2016016469,0,44,14,0.3181818181818182,0,0,0,0,9,0,0
2013014157,4,134,71,0.5298507462686567,0,0,0,0,9,0,0
2016014467,1,85,25,0.29411764705882354,0,0,0,0,9,0,0
2012014380,1,230,126,0.5478260869565217,0,0,0,0,9,0,0
2013014224,0,212,84,0.3962264150943397,0,0,0,0,9,0,0
2018040392,1,31,10,0.3225806451612903,0,0,0,0,9,0,0
2018040529,2,61,28,0.459016393442623,0,0,0,0,9,0,0
2013014097,1,191,104,0.5445026178010471,0,0,0,0,9,0,0
2015016312,0,137,68,0.4963503649635037,0,0,0,0,9,0,0
2017040334,4,31,17,0.5483870967741935,0,0,0,0,9,0,0
2012014372,4,239,126,0.5271966527196653,0,0,0,0,9,0,0
2017040268,3,40,27,0.675,0,0,0,0,9,0,0
2013014249,1,92,63,0.6847826086956522,0,0,0,0,9,0,0
2018040439,1,20,9,0.45,0,0,0,0,9,0,0
2017040305,1,33,18,0.5454545454545454,0,0,0,0,9,0,0
2015014306,4,113,53,0.4690265486725664,0,0,0,0,9,0,0
2013014095,2,270,100,0.3703703703703704,0,0,0,0,9,0,0
2018040476,4,97,49,0.5051546391752577,0,0,0,0,9,0,0
2013014247,4,158,80,0.5063291139240507,0,0,0,0,9,0,0
2015014299,2,84,55,0.6547619047619048,0,0,0,0,9,0,0
2013014156,1,340,100,0.29411764705882354,0,0,0,0,9,0,0
2018040370,1,14,9,0.6428571428571429,0,0,0,0,9,0,0
2018040414,3,7,1,0.14285714285714285,0,0,0,0,9,0,0
2017040393,3,36,30,0.8333333333333334,0,0,0,0,9,0,0
2015015074,4,104,59,0.5673076923076923,0,0,0,0,9,0,0
2018040407,0,28,14,0.5,1423,2,2,1,9,0,0
2018040394,2,3,2,0.6666666666666666,0,0,0,0,9,0,0
2013014106,0,186,89,0.478494623655914,0,0,0,0,9,0,0
2016016499,0,147,76,0.5170068027210885,0,0,0,0,9,0,0
2013014215,0,191,87,0.4554973821989529,0,0,0,0,9,0,0
2018040428,0,31,12,0.3870967741935484,0,0,0,0,9,0,0
2018040531,3,171,54,0.3157894736842105,0,0,0,0,9,0,0
2013014122,0,152,79,0.5197368421052632,0,0,0,0,9,0,0
2013014176,0,224,108,0.4821428571428572,0,0,0,0,9,0,0
2016013063,2,3,0,0.0,0,0,0,0,9,0,0
2012014396,0,209,117,0.5598086124401914,0,0,0,0,9,0,0
2012014358,2,248,120,0.4838709677419355,0,0,0,0,9,0,0
2015014330,1,142,73,0.5140845070422535,0,0,0,0,9,0,0
2018170044,2,3,2,0.6666666666666666,0,0,0,0,9,0,0
2018040522,0,57,32,0.5614035087719298,0,0,0,0,9,0,0
2017040338,3,12,8,0.6666666666666666,0,0,0,0,9,0,0
2012014290,0,187,110,0.5882352941176471,0,0,0,0,9,0,0
2013014159,0,133,71,0.5338345864661654,0,0,0,0,9,0,0
2012014360,0,179,96,0.5363128491620112,0,0,0,0,9,0,0
2014014288,1,70,47,0.6714285714285714,0,0,0,0,9,0,0
2017040322,3,24,21,0.875,1214,8,5,4,9,0,0
2014014296,4,117,44,0.3760683760683761,0,0,0,0,9,0,0
2017040375,3,1,0,0.0,1279,10,1,1,9,0,0
2015013026,0,2,0,0.0,0,0,0,0,9,0,0
2013014129,3,143,97,0.6783216783216783,0,0,0,0,9,0,0
2016014406,4,33,15,0.4545454545454545,0,0,0,0,9,0,0
2018040509,3,24,12,0.5,0,0,0,0,9,0,0
2014014284,2,142,46,0.323943661971831,0,0,0,0,9,0,0
2015014414,1,55,39,0.7090909090909091,0,0,0,0,9,0,0
2018040432,4,1,1,1.0,0,0,0,0,9,0,0
2013014098,3,184,81,0.44021739130434784,0,0,0,0,9,0,0
2013014238,2,88,58,0.6590909090909091,0,0,0,0,9,0,0
2013014183,3,135,85,0.6296296296296297,0,0,0,0,9,0,0
2014014372,2,236,92,0.3898305084745763,0,0,0,0,9,0,0
2012014325,2,164,108,0.6585365853658537,0,0,0,0,9,0,0
2013014147,0,150,87,0.58,0,0,0,0,9,0,0
2013014125,0,155,90,0.5806451612903226,0,0,0,0,9,0,0
2018040354,0,12,6,0.5,0,0,0,0,9,0,0
2013014236,2,72,60,0.8333333333333334,0,0,0,0,9,0,0
2013014167,3,147,93,0.6326530612244898,0,0,0,0,9,0,0
2014014392,0,208,120,0.5769230769230769,0,0,0,0,9,0,0
2014014328,4,99,51,0.5151515151515151,0,0,0,0,9,0,0
2017040306,3,26,20,0.7692307692307693,0,0,0,0,9,0,0
2012014318,0,202,105,0.5198019801980198,0,0,0,0,9,0,0
2017040378,3,6,3,0.5,1365,31,21,10,9,0,0
2012014353,2,162,87,0.5370370370370371,0,0,0,0,9,0,0
2013014131,2,103,77,0.7475728155339806,0,0,0,0,9,0,0
2017040310,1,5,5,1.0,0,0,0,0,9,0,0
2014014408,0,244,118,0.4836065573770492,0,0,0,0,9,0,0
2012014357,4,149,89,0.5973154362416108,0,0,0,0,9,0,0
2011014217,3,121,63,0.5206611570247934,0,0,0,0,9,0,0
2015014287,3,229,85,0.37117903930131,0,0,0,0,9,0,0
2013014123,4,165,86,0.5212121212121212,0,0,0,0,9,0,0
2018040435,1,14,0,0.0,1273,18,1,1,9,0,0
2014014412,1,153,80,0.5228758169934641,0,0,0,0,9,0,0
2018040462,2,21,14,0.6666666666666666,0,0,0,0,9,0,0
2013014213,3,147,63,0.42857142857142855,0,0,0,0,9,0,0
2017040280,0,8,7,0.875,0,0,0,0,9,0,0
2013014207,1,95,45,0.4736842105263158,0,0,0,0,9,0,0
2013014161,0,117,58,0.4957264957264957,0,0,0,0,9,0,0
2014014435,0,204,87,0.4264705882352941,0,0,0,0,9,0,0
2013014237,0,146,74,0.5068493150684932,0,0,0,0,9,0,0
2016014371,2,1,0,0.0,0,0,0,0,9,0,0
2013014158,3,134,88,0.6567164179104478,0,0,0,0,9,0,0
2013014187,4,333,90,0.2702702702702703,0,0,0,0,9,0,0
2016014368,3,1,0,0.0,0,0,0,0,9,0,0
2012014363,1,206,98,0.4757281553398058,0,0,0,0,9,0,0
2012014307,3,306,93,0.30392156862745096,0,0,0,0,9,0,0
2014014391,0,140,87,0.6214285714285714,0,0,0,0,9,0,0
2012014395,1,160,99,0.61875,0,0,0,0,9,0,0
2013014200,2,113,60,0.5309734513274337,0,0,0,0,9,0,0
2011014206,4,246,119,0.483739837398374,0,0,0,0,9,0,0
2018040510,3,7,4,0.5714285714285714,0,0,0,0,9,0,0
2014014295,2,85,37,0.4352941176470588,0,0,0,0,9,0,0
2015014305,1,174,71,0.4080459770114943,0,0,0,0,9,0,0
2014014357,4,92,54,0.5869565217391305,0,0,0,0,9,0,0
2017040264,3,28,23,0.8214285714285714,0,0,0,0,9,0,0
2013014132,1,152,81,0.5328947368421053,0,0,0,0,9,0,0
2018040390,2,6,4,0.6666666666666666,0,0,0,0,9,0,0
2014014355,3,91,46,0.5054945054945055,0,0,0,0,9,0,0
2017040255,4,36,23,0.6388888888888888,0,0,0,0,9,0,0
2013014141,3,160,78,0.4875,0,0,0,0,9,0,0
2015014404,4,38,26,0.6842105263157895,0,0,0,0,9,0,0
2018170021,2,12,6,0.5,0,0,0,0,9,0,0
2012016365,4,130,78,0.6,0,0,0,0,9,0,0
2017040257,3,6,1,0.16666666666666666,0,0,0,0,9,0,0
2018040516,3,23,12,0.5217391304347826,0,0,0,0,9,0,0
2014014291,1,86,37,0.4302325581395349,0,0,0,0,9,0,0
2015014348,2,62,46,0.7419354838709677,0,0,0,0,9,0,0
2017040374,0,4,0,0.0,0,0,0,0,9,0,0
2015014420,3,39,28,0.7179487179487181,0,0,0,0,9,0,0
2014014414,3,122,68,0.5573770491803278,0,0,0,0,9,0,0
2013014251,4,160,83,0.51875,0,0,0,0,9,0,0
2011014203,2,163,78,0.4785276073619632,0,0,0,0,9,0,0
2014014428,4,158,84,0.5316455696202531,0,0,0,0,9,0,0
2013014184,4,110,54,0.4909090909090909,0,0,0,0,9,0,0
2017040354,4,48,17,0.3541666666666667,0,0,0,0,9,0,0
2017040350,1,32,8,0.25,0,0,0,0,9,0,0
2018170019,2,1,0,0.0,0,0,0,0,9,0,0
2017040333,3,25,10,0.4,0,0,0,0,9,0,0
2015016507,4,296,132,0.4459459459459459,0,0,0,0,9,0,0
2013016217,2,129,81,0.627906976744186,0,0,0,0,9,0,0
2015014407,3,116,72,0.6206896551724138,0,0,0,0,9,0,0
2016016493,4,78,38,0.4871794871794872,0,0,0,0,9,0,0
2018040467,2,24,11,0.4583333333333333,0,0,0,0,9,0,0
2015014412,3,32,17,0.53125,0,0,0,0,9,0,0
2016014341,3,89,40,0.4494382022471911,0,0,0,0,9,0,0
2018040356,1,2,0,0.0,0,0,0,0,9,0,0
2016011186,3,49,27,0.5510204081632653,0,0,0,0,9,0,0
2016016486,1,106,55,0.5188679245283019,0,0,0,0,9,0,0
2013014090,2,193,71,0.36787564766839376,0,0,0,0,9,0,0
2012014425,3,238,89,0.3739495798319328,0,0,0,0,9,0,0
2018040491,3,2,1,0.5,0,0,0,0,9,0,0
2013014205,1,105,59,0.5619047619047619,0,0,0,0,9,0,0
2016011255,1,7,2,0.2857142857142857,0,0,0,0,9,0,0
2018040399,0,6,3,0.5,1114,7,0,0,9,0,0
2014014276,3,208,104,0.5,0,0,0,0,9,0,0
2013014185,3,74,37,0.5,0,0,0,0,9,0,0
2014014394,1,177,89,0.5028248587570622,0,0,0,0,9,0,0
2018040402,2,5,4,0.8,0,0,0,0,9,0,0
2015014319,1,51,32,0.6274509803921569,0,0,0,0,9,0,0
2016014148,3,59,12,0.2033898305084746,0,0,0,0,9,0,0
2012014361,0,162,93,0.5740740740740741,0,0,0,0,9,0,0
2016016434,2,62,32,0.5161290322580645,0,0,0,0,9,0,0
2018050265,3,24,8,0.3333333333333333,993,9,3,1,9,0,0
2014014366,4,149,75,0.5033557046979866,0,0,0,0,9,0,0
2018040357,0,1,1,1.0,0,0,0,0,9,0,0
2015014069,1,6,1,0.16666666666666666,0,0,0,0,9,0,0
2018040508,4,45,14,0.3111111111111111,0,0,0,0,9,0,0
2014014301,4,60,37,0.6166666666666667,0,0,0,0,9,0,0
2013014145,4,141,88,0.6241134751773051,0,0,0,0,9,0,0
2013014126,3,101,53,0.5247524752475248,0,0,0,0,9,0,0
2013014140,1,88,43,0.4886363636363637,0,0,0,0,9,0,0
2018040338,0,3,1,0.3333333333333333,0,0,0,0,9,0,0
2014014398,0,140,49,0.35,0,0,0,0,9,0,0
2013017050,1,161,69,0.42857142857142855,0,0,0,0,9,0,0
2018040371,3,2,1,0.5,0,0,0,0,9,0,0
2017040371,4,3,3,1.0,0,0,0,0,9,0,0
2015014344,1,139,70,0.5035971223021583,0,0,0,0,9,0,0
2013014130,1,86,63,0.7325581395348837,0,0,0,0,9,0,0
2014014416,1,103,55,0.5339805825242718,0,0,0,0,9,0,0
2012014352,1,216,93,0.4305555555555556,0,0,0,0,9,0,0
2017040309,2,2,2,1.0,0,0,0,0,9,0,0
2017040384,0,6,4,0.6666666666666666,0,0,0,0,9,0,0
2018040475,3,13,6,0.4615384615384616,0,0,0,0,9,0,0
2018040484,4,12,3,0.25,0,0,0,0,9,0,0
2012014310,2,186,86,0.4623655913978494,0,0,0,0,9,0,0
2013016180,4,135,53,0.3925925925925926,0,0,0,0,9,0,0
2018040480,0,1,0,0.0,0,0,0,0,9,0,0
2017040349,1,2,1,0.5,0,0,0,0,9,0,0
2016018147,2,21,9,0.42857142857142855,0,0,0,0,9,0,0
2013014100,3,190,69,0.3631578947368421,0,0,0,0,9,0,0
2018040345,2,15,2,0.13333333333333333,0,0,0,0,9,0,0
2018040520,1,4,1,0.25,0,0,0,0,9,0,0
2013014104,2,82,53,0.6463414634146342,0,0,0,0,9,0,0
2013014152,4,82,58,0.7073170731707317,0,0,0,0,9,0,0
2017040299,3,1,1,1.0,0,0,0,0,9,0,0
2017040308,2,1,1,1.0,0,0,0,0,9,0,0
2016014303,0,40,23,0.575,0,0,0,0,9,0,0
2015014333,1,80,58,0.725,0,0,0,0,9,0,0
2016014395,3,12,10,0.8333333333333334,0,0,0,0,9,0,0
2011014193,2,105,68,0.6476190476190476,0,0,0,0,9,0,0
2012014285,2,153,81,0.5294117647058824,0,0,0,0,9,0,0
2016014342,4,27,14,0.5185185185185185,0,0,0,0,9,0,0
2018040488,1,20,5,0.25,0,0,0,0,9,0,0
2012014424,0,83,68,0.8192771084337349,0,0,0,0,9,0,0
2014014356,3,31,20,0.6451612903225806,0,0,0,0,9,0,0
2010014200,1,325,96,0.2953846153846154,0,0,0,0,9,0,0
2012014404,1,134,77,0.5746268656716418,0,0,0,0,9,0,0
2013014239,2,85,45,0.5294117647058824,0,0,0,0,9,0,0
2017040286,4,3,1,0.3333333333333333,0,0,0,0,9,0,0
2016016479,4,55,36,0.6545454545454545,0,0,0,0,9,0,0
2016014367,2,39,30,0.7692307692307693,0,0,0,0,9,0,0
2013014091,1,142,79,0.5563380281690141,0,0,0,0,9,0,0
2016014353,0,31,18,0.5806451612903226,0,0,0,0,9,0,0
2012014348,4,160,88,0.55,0,0,0,0,9,0,0
2015014323,4,40,24,0.6,0,0,0,0,9,0,0
2012014301,1,144,75,0.5208333333333334,0,0,0,0,9,0,0
2017040343,3,1,0,0.0,0,0,0,0,9,0,0
2015014277,1,49,29,0.5918367346938775,0,0,0,0,9,0,0
2012014378,1,173,101,0.5838150289017341,0,0,0,0,9,0,0
2014014285,3,25,11,0.44,0,0,0,0,9,0,0
2016014310,3,92,33,0.35869565217391297,0,0,0,0,9,0,0
2014014415,3,136,58,0.4264705882352941,0,0,0,0,9,0,0
2013014155,2,70,51,0.7285714285714285,0,0,0,0,9,0,0
2015012195,3,201,108,0.5373134328358209,0,0,0,0,9,0,0
2015014321,1,45,24,0.5333333333333333,0,0,0,0,9,0,0
2017040327,2,1,1,1.0,1377,2,0,0,9,0,0
2016014319,2,13,3,0.2307692307692308,0,0,0,0,9,0,0
2018040489,4,23,4,0.17391304347826084,0,0,0,0,9,0,0
2012014305,3,112,78,0.6964285714285714,0,0,0,0,9,0,0
2017040261,1,6,1,0.16666666666666666,0,0,0,0,9,0,0
2016014423,2,6,3,0.5,0,0,0,0,9,0,0
2011014250,4,149,70,0.4697986577181208,0,0,0,0,9,0,0
2012014415,4,155,81,0.5225806451612903,0,0,0,0,9,0,0
2014014281,1,20,9,0.45,0,0,0,0,9,0,0
2017040316,4,8,2,0.25,0,0,0,0,9,0,0
2013014138,1,78,28,0.35897435897435903,0,0,0,0,9,0,0
2015014318,1,63,37,0.5873015873015873,0,0,0,0,9,0,0
2016014315,4,27,18,0.6666666666666666,0,0,0,0,9,0,0
2016016482,2,71,28,0.39436619718309857,0,0,0,0,9,0,0
2013014101,2,129,65,0.5038759689922481,0,0,0,0,9,0,0
2016014389,4,25,12,0.48,0,0,0,0,9,0,0
2014016244,2,8,4,0.5,0,0,0,0,9,0,0
2017040383,2,2,1,0.5,1120,8,18,6,9,0,0
2012014341,0,119,59,0.4957983193277311,0,0,0,0,9,0,0
2013014162,4,62,24,0.3870967741935484,0,0,0,0,9,0,0
2012014401,4,136,65,0.4779411764705882,0,0,0,0,9,0,0
2016014329,2,14,3,0.21428571428571427,0,0,0,0,9,0,0
2014014434,0,63,36,0.5714285714285714,0,0,0,0,9,0,0
2015200818,2,160,103,0.64375,0,0,0,0,9,0,0
2012014283,3,113,78,0.6902654867256637,0,0,0,0,9,0,0
2014014289,4,13,12,0.9230769230769232,0,0,0,0,9,0,0
2014014352,1,51,27,0.5294117647058824,0,0,0,0,9,0,0
2016014346,3,22,2,0.09090909090909093,0,0,0,0,9,0,0
2018040524,4,6,3,0.5,0,0,0,0,9,0,0
2013014235,2,59,16,0.2711864406779661,0,0,0,0,9,0,0
2018040482,3,13,10,0.7692307692307693,0,0,0,0,9,0,0
2015014286,1,107,62,0.5794392523364486,0,0,0,0,9,0,0
2012014410,4,128,76,0.59375,0,0,0,0,9,0,0
2015014339,0,79,48,0.6075949367088608,0,0,0,0,9,0,0
2016016433,1,70,42,0.6,0,0,0,0,9,0,0
2012014347,3,141,76,0.5390070921985816,0,0,0,0,9,0,0
2013014171,2,39,19,0.4871794871794872,0,0,0,0,9,0,0
2015014384,2,4,1,0.25,0,0,0,0,9,0,0
2014014272,3,10,1,0.1,0,0,0,0,9,0,0
2016014305,2,45,21,0.4666666666666667,0,0,0,0,9,0,0
2016016422,1,67,42,0.6268656716417911,0,0,0,0,9,0,0
2016016414,2,70,37,0.5285714285714286,0,0,0,0,9,0,0
2012014311,1,177,81,0.4576271186440678,0,0,0,0,9,0,0
2014014273,1,9,6,0.6666666666666666,0,0,0,0,9,0,0
2013014114,3,45,26,0.5777777777777777,0,0,0,0,9,0,0
2012014292,4,139,80,0.5755395683453237,0,0,0,0,9,0,0
2012014293,1,139,84,0.60431654676259,0,0,0,0,9,0,0
2016016452,0,68,33,0.4852941176470588,0,0,0,0,9,0,0
2016014307,1,9,1,0.1111111111111111,0,0,0,0,9,0,0
2012014340,1,127,66,0.5196850393700787,0,0,0,0,9,0,0
2014014359,4,50,35,0.7,0,0,0,0,9,0,0
2014014326,4,29,20,0.6896551724137931,0,0,0,0,9,0,0
2016014495,1,2,2,1.0,0,0,0,0,9,0,0
2015014326,1,14,11,0.7857142857142857,0,0,0,0,9,0,0
2018080077,3,6,4,0.6666666666666666,0,0,0,0,9,0,0
2014014293,4,12,6,0.5,0,0,0,0,9,0,0
2014014332,1,153,87,0.5686274509803921,0,0,0,0,9,0,0
1511640112,1,4,1,0.25,0,0,0,0,9,0,0
2012014350,0,178,87,0.4887640449438202,0,0,0,0,9,0,0
2015014292,4,105,49,0.4666666666666667,0,0,0,0,9,0,0
2018040408,4,3,2,0.6666666666666666,0,0,0,0,9,0,0
2015014289,1,85,48,0.5647058823529412,0,0,0,0,9,0,0
2016014309,3,7,5,0.7142857142857143,0,0,0,0,9,0,0
2016014290,3,64,36,0.5625,0,0,0,0,9,0,0
2013014109,1,50,25,0.5,0,0,0,0,9,0,0
2013014134,4,62,28,0.4516129032258064,0,0,0,0,9,0,0
2015014422,4,20,4,0.2,0,0,0,0,9,0,0
2018040459,2,4,1,0.25,0,0,0,0,9,0,0
2012014394,3,73,55,0.7534246575342466,0,0,0,0,9,0,0
2017040348,4,2,0,0.0,0,0,0,0,9,0,0
2015014417,4,126,74,0.5873015873015873,0,0,0,0,9,0,0
2017040513,3,2,2,1.0,0,0,0,0,9,0,0
2014014299,1,28,13,0.4642857142857143,0,0,0,0,9,0,0
2015016451,1,18,5,0.2777777777777778,0,0,0,0,9,0,0
2018040504,1,12,9,0.75,0,0,0,0,9,0,0
2016014355,2,7,5,0.7142857142857143,0,0,0,0,9,0,0
2012014291,0,112,82,0.7321428571428571,0,0,0,0,9,0,0
2012014384,4,134,73,0.5447761194029851,0,0,0,0,9,0,0
2015014392,2,92,37,0.4021739130434783,0,0,0,0,9,0,0
2013014191,0,171,53,0.30994152046783624,0,0,0,0,9,0,0
2013016188,0,51,40,0.7843137254901961,0,0,0,0,9,0,0
2016016432,0,66,33,0.5,0,0,0,0,9,0,0
2012014287,4,173,70,0.4046242774566474,0,0,0,0,9,0,0
2015014365,1,51,24,0.4705882352941176,0,0,0,0,9,0,0
2016014370,2,17,8,0.4705882352941176,0,0,0,0,9,0,0
2015014278,2,22,12,0.5454545454545454,0,0,0,0,9,0,0
2018050286,3,14,7,0.5,0,0,0,0,9,0,0
2012014405,4,102,66,0.6470588235294118,0,0,0,0,9,0,0
2011014314,2,93,60,0.6451612903225806,0,0,0,0,9,0,0
2018040463,2,3,0,0.0,0,0,0,0,9,0,0
2015014406,3,1,0,0.0,0,0,0,0,9,0,0
2015014388,1,38,17,0.4473684210526316,0,0,0,0,9,0,0
2016016420,1,71,35,0.4929577464788733,0,0,0,0,9,0,0
2014014401,3,105,54,0.5142857142857142,0,0,0,0,9,0,0
2012014386,4,102,53,0.5196078431372549,0,0,0,0,9,0,0
2014014427,2,107,52,0.485981308411215,0,0,0,0,9,0,0
2014014384,4,155,62,0.4,0,0,0,0,9,0,0
2013011013,0,132,71,0.5378787878787878,0,0,0,0,9,0,0
2015014345,0,63,50,0.7936507936507936,0,0,0,0,9,0,0
2019040460,2,2,1,0.5,0,0,0,0,9,0,0
2014014297,2,28,20,0.7142857142857143,0,0,0,0,9,0,0
2013014244,1,66,20,0.30303030303030304,0,0,0,0,9,0,0
2012014406,1,180,74,0.4111111111111111,0,0,0,0,9,0,0
2015014370,0,34,12,0.35294117647058826,0,0,0,0,9,0,0
2015014269,3,31,20,0.6451612903225806,0,0,0,0,9,0,0
2014014313,3,99,49,0.494949494949495,0,0,0,0,9,0,0
2016014322,4,13,11,0.8461538461538461,0,0,0,0,9,0,0
2015014340,1,66,18,0.2727272727272727,0,0,0,0,9,0,0
2012016432,2,76,47,0.618421052631579,0,0,0,0,9,0,0
2011014191,2,104,64,0.6153846153846154,0,0,0,0,9,0,0
2015014291,1,34,30,0.8823529411764706,0,0,0,0,9,0,0
2013014113,0,12,8,0.6666666666666666,0,0,0,0,9,0,0
2012014345,3,141,68,0.4822695035460993,0,0,0,0,9,0,0
2014012085,2,60,23,0.38333333333333336,0,0,0,0,9,0,0
2013014149,2,33,13,0.3939393939393939,0,0,0,0,9,0,0
2015014282,4,36,11,0.3055555555555556,0,0,0,0,9,0,0
2014014410,0,171,61,0.3567251461988304,0,0,0,0,9,0,0
2013016193,1,70,52,0.7428571428571429,0,0,0,0,9,0,0
2016016497,4,19,15,0.7894736842105263,0,0,0,0,9,0,0
2016016487,1,86,40,0.4651162790697674,0,0,0,0,9,0,0
2016014351,3,1,1,1.0,0,0,0,0,9,0,0
2014014365,1,42,26,0.6190476190476191,0,0,0,0,9,0,0
2016014354,0,4,2,0.5,0,0,0,0,9,0,0
2012014391,2,94,53,0.5638297872340425,0,0,0,0,9,0,0
2016016467,2,74,31,0.4189189189189189,0,0,0,0,9,0,0
2015012165,2,22,4,0.18181818181818185,0,0,0,0,9,0,0
2012014328,1,97,64,0.6597938144329897,0,0,0,0,9,0,0
2013016214,4,1,1,1.0,0,0,0,0,9,0,0
2012014400,0,123,73,0.5934959349593496,0,0,0,0,9,0,0
2018100009,0,14,6,0.42857142857142855,0,0,0,0,9,0,0
2012016417,3,27,18,0.6666666666666666,0,0,0,0,9,0,0
2016016483,0,53,25,0.4716981132075472,0,0,0,0,9,0,0
2012014342,1,58,38,0.6551724137931034,0,0,0,0,9,0,0
2012014339,1,75,41,0.5466666666666666,0,0,0,0,9,0,0
2016016502,4,79,33,0.4177215189873418,0,0,0,0,9,0,0
2016016431,1,21,11,0.5238095238095238,0,0,0,0,9,0,0
2015014415,1,31,19,0.6129032258064516,0,0,0,0,9,0,0
2018040537,0,2,0,0.0,0,0,0,0,9,0,0
2013014121,1,1,0,0.0,0,0,0,0,9,0,0
2013016003,1,67,45,0.6716417910447762,0,0,0,0,9,0,0
2012016423,2,93,49,0.5268817204301075,0,0,0,0,9,0,0
2013014298,0,41,14,0.3414634146341464,0,0,0,0,9,0,0
2014014429,0,6,2,0.3333333333333333,0,0,0,0,9,0,0
2012014309,2,104,70,0.6730769230769231,0,0,0,0,9,0,0
2015014301,3,6,4,0.6666666666666666,0,0,0,0,9,0,0
2012014373,1,118,62,0.5254237288135594,0,0,0,0,9,0,0
2016014316,1,1,0,0.0,0,0,0,0,9,0,0
2015011028,3,65,32,0.4923076923076923,0,0,0,0,9,0,0
2016016462,3,33,19,0.5757575757575758,0,0,0,0,9,0,0
2016014373,1,43,32,0.7441860465116279,0,0,0,0,9,0,0
2013014198,4,31,21,0.6774193548387096,0,0,0,0,9,0,0
2013016186,3,35,31,0.8857142857142857,0,0,0,0,9,0,0
2013014175,0,63,34,0.5396825396825397,0,0,0,0,9,0,0
2012014343,1,104,59,0.5673076923076923,0,0,0,0,9,0,0
2015014329,3,18,9,0.5,0,0,0,0,9,0,0
2016014397,2,1,1,1.0,0,0,0,0,9,0,0
2014014430,2,196,76,0.3877551020408163,0,0,0,0,9,0,0
2014014318,3,70,36,0.5142857142857142,0,0,0,0,9,0,0
2014014380,1,77,27,0.35064935064935066,0,0,0,0,9,0,0
2013014231,2,30,11,0.3666666666666665,0,0,0,0,9,0,0
2016014374,1,11,5,0.4545454545454545,0,0,0,0,9,0,0
2012014288,2,140,68,0.4857142857142857,0,0,0,0,9,0,0
2014014553,1,146,78,0.5342465753424658,0,0,0,0,9,0,0
2014014379,3,120,42,0.35,0,0,0,0,9,0,0
2013016149,3,26,14,0.5384615384615384,0,0,0,0,9,0,0
2015014283,1,52,19,0.36538461538461536,0,0,0,0,9,0,0
2018040465,0,28,11,0.3928571428571429,0,0,0,0,9,0,0
2014014425,4,2,1,0.5,0,0,0,0,9,0,0
2013016198,0,28,21,0.75,0,0,0,0,9,0,0
2013014163,4,49,26,0.5306122448979592,0,0,0,0,9,0,0
2015014369,1,49,25,0.5102040816326531,0,0,0,0,9,0,0
2012014304,0,152,82,0.5394736842105263,0,0,0,0,9,0,0
2014014348,1,37,21,0.5675675675675675,0,0,0,0,9,0,0
2015014302,2,1,0,0.0,0,0,0,0,9,0,0
2016016429,1,28,16,0.5714285714285714,0,0,0,0,9,0,0
2011014276,4,151,63,0.4172185430463576,0,0,0,0,9,0,0
2012014128,1,275,83,0.3018181818181818,0,0,0,0,9,0,0
2014014278,3,68,35,0.5147058823529411,0,0,0,0,9,0,0
2015014389,1,29,24,0.8275862068965517,0,0,0,0,9,0,0
2012014417,4,105,59,0.5619047619047619,0,0,0,0,9,0,0
2013016215,2,41,24,0.5853658536585366,0,0,0,0,9,0,0
2016016458,1,21,16,0.7619047619047619,0,0,0,0,9,0,0
2012014414,4,106,60,0.5660377358490566,0,0,0,0,9,0,0
2015014359,4,17,5,0.29411764705882354,0,0,0,0,9,0,0
2014014307,3,9,1,0.1111111111111111,0,0,0,0,9,0,0
2015014272,0,83,27,0.3253012048192771,0,0,0,0,9,0,0
2014014321,1,7,2,0.2857142857142857,0,0,0,0,9,0,0
2013014208,1,60,17,0.2833333333333333,0,0,0,0,9,0,0
2012014420,0,96,58,0.6041666666666666,0,0,0,0,9,0,0
2012014409,3,126,63,0.5,0,0,0,0,9,0,0
2012014369,0,100,57,0.57,0,0,0,0,9,0,0
2015014393,0,55,30,0.5454545454545454,0,0,0,0,9,0,0
2014014300,1,121,59,0.48760330578512395,0,0,0,0,9,0,0
2016014292,2,71,32,0.4507042253521127,0,0,0,0,9,0,0
2013014199,0,40,16,0.4,0,0,0,0,9,0,0
2013014209,3,24,6,0.25,0,0,0,0,9,0,0
2018040472,0,6,3,0.5,0,0,0,0,9,0,0
2018100070,3,1,0,0.0,0,0,0,0,9,0,0
2019040466,3,66,41,0.6212121212121212,0,0,0,0,9,0,0
2011014311,3,94,54,0.5744680851063829,0,0,0,0,9,0,0
2013016072,2,9,5,0.5555555555555556,0,0,0,0,9,0,0
2016014306,2,12,9,0.75,0,0,0,0,9,0,0
2013014222,2,73,43,0.589041095890411,0,0,0,0,9,0,0
2016016445,2,54,27,0.5,0,0,0,0,9,0,0
2014014280,2,28,16,0.5714285714285714,0,0,0,0,9,0,0
2016014317,4,57,35,0.6140350877192983,0,0,0,0,9,0,0
2011014192,3,101,46,0.4554455445544554,0,0,0,0,9,0,0
2014014395,2,64,42,0.65625,0,0,0,0,9,0,0
2014014403,4,52,26,0.5,0,0,0,0,9,0,0
2013016016,4,32,13,0.40625,0,0,0,0,9,0,0
2014014533,0,139,69,0.4964028776978418,0,0,0,0,9,0,0
2015014293,0,24,18,0.75,0,0,0,0,9,0,0
2016014348,2,1,0,0.0,0,0,0,0,9,0,0
2011014329,1,111,52,0.4684684684684685,0,0,0,0,9,0,0
2013014202,4,67,19,0.2835820895522388,0,0,0,0,9,0,0
2015014311,0,28,12,0.42857142857142855,0,0,0,0,9,0,0
2015011405,1,10,2,0.2,0,0,0,0,9,0,0
2015014310,2,27,9,0.3333333333333333,0,0,0,0,9,0,0
2018170017,1,4,2,0.5,0,0,0,0,9,0,0
2018040444,3,9,1,0.1111111111111111,0,0,0,0,9,0,0
2012014335,4,87,64,0.7356321839080459,0,0,0,0,9,0,0
2016016496,0,5,3,0.6,0,0,0,0,9,0,0
2014014302,1,44,26,0.5909090909090909,0,0,0,0,9,0,0
2012014365,1,65,41,0.6307692307692307,0,0,0,0,9,0,0
2016016384,3,10,2,0.2,0,0,0,0,9,0,0
2011014232,0,139,58,0.4172661870503597,0,0,0,0,9,0,0
2014014422,4,30,14,0.4666666666666667,0,0,0,0,9,0,0
2012014403,4,65,40,0.6153846153846154,0,0,0,0,9,0,0
2014014122,1,159,81,0.5094339622641509,0,0,0,0,9,0,0
2014014537,1,116,68,0.5862068965517241,0,0,0,0,9,0,0
2015014308,1,103,50,0.4854368932038835,0,0,0,0,9,0,0
2013016066,4,10,3,0.3,0,0,0,0,9,0,0
2014014397,1,150,64,0.4266666666666667,0,0,0,0,9,0,0
2015014425,4,34,24,0.7058823529411765,0,0,0,0,9,0,0
2015014327,1,1,1,1.0,0,0,0,0,9,0,0
2012014419,2,95,49,0.5157894736842106,0,0,0,0,9,0,0
2016014356,1,16,4,0.25,0,0,0,0,9,0,0
2018040455,2,3,3,1.0,0,0,0,0,9,0,0
2015014399,2,46,26,0.5652173913043478,0,0,0,0,9,0,0
2012014282,1,84,27,0.32142857142857145,0,0,0,0,9,0,0
2014014382,3,42,27,0.6428571428571429,0,0,0,0,9,0,0
2014014400,3,63,28,0.4444444444444444,0,0,0,0,9,0,0
2014014334,4,32,22,0.6875,0,0,0,0,9,0,0
2014014309,1,1,1,1.0,0,0,0,0,9,0,0
2018040454,4,16,2,0.125,0,0,0,0,9,0,0
2014014520,1,106,65,0.6132075471698113,0,0,0,0,9,0,0
2011014205,2,121,58,0.4793388429752066,0,0,0,0,9,0,0
2016014386,3,5,3,0.6,0,0,0,0,9,0,0
2016016477,2,1,1,1.0,0,0,0,0,9,0,0
2012016467,1,9,7,0.7777777777777778,0,0,0,0,9,0,0
2013014177,3,48,22,0.4583333333333333,0,0,0,0,9,0,0
2014014376,3,26,4,0.15384615384615385,0,0,0,0,9,0,0
2013045698,4,196,75,0.3826530612244898,0,0,0,0,9,0,0
2012014306,3,94,56,0.5957446808510638,0,0,0,0,9,0,0
2014014331,0,19,8,0.42105263157894735,0,0,0,0,9,0,0
2013014154,0,22,5,0.2272727272727273,0,0,0,0,9,0,0
2016014366,2,5,0,0.0,0,0,0,0,9,0,0
2011014277,4,110,63,0.5727272727272728,0,0,0,0,9,0,0
2013014192,2,14,11,0.7857142857142857,0,0,0,0,9,0,0
2012014326,2,68,48,0.7058823529411765,0,0,0,0,9,0,0
2014014399,2,128,64,0.5,0,0,0,0,9,0,0
2013014252,3,19,9,0.4736842105263158,0,0,0,0,9,0,0
2013014241,4,3,2,0.6666666666666666,0,0,0,0,9,0,0
2011210099,0,249,129,0.5180722891566265,0,0,0,0,9,0,0
2011014253,0,80,53,0.6625,0,0,0,0,9,0,0
2015014328,3,91,57,0.6263736263736264,0,0,0,0,9,0,0
2014014411,1,80,49,0.6125,0,0,0,0,9,0,0
2012014333,0,88,48,0.5454545454545454,0,0,0,0,9,0,0
2013016173,3,81,36,0.4444444444444444,0,0,0,0,9,0,0
2015014312,0,1,0,0.0,0,0,0,0,9,0,0
2016011248,2,46,19,0.4130434782608696,0,0,0,0,9,0,0
2012014349,3,103,57,0.5533980582524272,0,0,0,0,9,0,0
2012014422,4,89,46,0.5168539325842697,0,0,0,0,9,0,0
2015014395,4,34,17,0.5,0,0,0,0,9,0,0
2016014372,3,3,2,0.6666666666666666,0,0,0,0,9,0,0
2014014396,2,13,6,0.4615384615384616,0,0,0,0,9,0,0
2016016501,2,8,5,0.625,0,0,0,0,9,0,0
2016016410,1,19,15,0.7894736842105263,0,0,0,0,9,0,0
2011014194,0,104,51,0.4903846153846154,0,0,0,0,9,0,0
2013014246,3,14,9,0.6428571428571429,0,0,0,0,9,0,0
2018040420,4,5,1,0.2,0,0,0,0,9,0,0
2012014299,2,59,48,0.8135593220338984,0,0,0,0,9,0,0
2014014322,3,21,15,0.7142857142857143,0,0,0,0,9,0,0
2016014278,2,1,1,1.0,0,0,0,0,9,0,0
2015014271,4,24,10,0.4166666666666667,0,0,0,0,9,0,0
2014014424,0,22,13,0.5909090909090909,0,0,0,0,9,0,0
2015014290,4,5,2,0.4,0,0,0,0,9,0,0
2015200776,1,24,16,0.6666666666666666,0,0,0,0,9,0,0
2012014402,4,86,52,0.6046511627906976,0,0,0,0,9,0,0
2014014279,2,20,14,0.7,0,0,0,0,9,0,0
2012014385,2,37,27,0.7297297297297297,0,0,0,0,9,0,0
2016014274,2,7,5,0.7142857142857143,0,0,0,0,9,0,0
2012014324,4,74,45,0.6081081081081081,0,0,0,0,9,0,0
2016016495,1,3,2,0.6666666666666666,0,0,0,0,9,0,0
2015014317,1,2,0,0.0,0,0,0,0,9,0,0
2013014204,3,136,56,0.4117647058823529,0,0,0,0,9,0,0
2014014340,0,54,31,0.5740740740740741,0,0,0,0,9,0,0
2013014220,0,17,14,0.8235294117647058,0,0,0,0,9,0,0
2014014354,0,5,2,0.4,0,0,0,0,9,0,0
2016016406,0,4,3,0.75,0,0,0,0,9,0,0
2016014418,4,32,16,0.5,0,0,0,0,9,0,0
2013014255,1,12,6,0.5,0,0,0,0,9,0,0
2015014385,2,110,65,0.5909090909090909,0,0,0,0,9,0,0
2013016190,1,27,11,0.4074074074074074,0,0,0,0,9,0,0
2012014381,4,69,43,0.6231884057971014,0,0,0,0,9,0,0
2016014320,3,38,17,0.4473684210526316,0,0,0,0,9,0,0
2011014254,2,81,47,0.5802469135802469,0,0,0,0,9,0,0
2015014362,0,13,4,0.3076923076923077,0,0,0,0,9,0,0
2013014197,0,83,24,0.2891566265060241,0,0,0,0,9,0,0
2014014383,1,10,2,0.2,0,0,0,0,9,0,0
2016014289,2,3,2,0.6666666666666666,0,0,0,0,9,0,0
2013014151,1,40,4,0.1,0,0,0,0,9,0,0
2012014383,0,71,47,0.6619718309859155,0,0,0,0,9,0,0
2014014298,3,19,14,0.7368421052631579,0,0,0,0,9,0,0
2014014381,0,28,18,0.6428571428571429,0,0,0,0,9,0,0
2014014316,1,56,26,0.4642857142857143,0,0,0,0,9,0,0
2014014343,1,8,2,0.25,0,0,0,0,9,0,0
2011014313,0,98,53,0.5408163265306123,0,0,0,0,9,0,0
2013016170,0,54,30,0.5555555555555556,0,0,0,0,9,0,0
2013014119,2,57,26,0.456140350877193,0,0,0,0,9,0,0
2013014110,4,62,15,0.2419354838709677,0,0,0,0,9,0,0
2016014340,4,33,19,0.5757575757575758,0,0,0,0,9,0,0
2013014188,4,41,14,0.3414634146341464,0,0,0,0,9,0,0
2013016165,3,29,16,0.5517241379310345,0,0,0,0,9,0,0
2015017002,3,239,50,0.20920502092050208,0,0,0,0,9,0,0
2015014364,1,2,1,0.5,0,0,0,0,9,0,0
2014014324,3,85,43,0.5058823529411764,0,0,0,0,9,0,0
2013016095,1,2,2,1.0,0,0,0,0,9,0,0
2013016152,1,6,1,0.16666666666666666,0,0,0,0,9,0,0
2014014369,4,23,16,0.6956521739130435,0,0,0,0,9,0,0
2015014284,2,10,3,0.3,0,0,0,0,9,0,0
2015014423,3,38,4,0.10526315789473684,0,0,0,0,9,0,0
2012014298,0,189,60,0.31746031746031744,0,0,0,0,9,0,0
2014302896,3,105,25,0.2380952380952381,0,0,0,0,9,0,0
2014014370,4,2,1,0.5,0,0,0,0,9,0,0
2014014342,1,1,0,0.0,0,0,0,0,9,0,0
2012014303,2,70,25,0.35714285714285715,0,0,0,0,9,0,0
2015014374,1,4,4,1.0,0,0,0,0,9,0,0
2014014413,2,30,22,0.7333333333333333,0,0,0,0,9,0,0
2016016490,2,8,4,0.5,0,0,0,0,9,0,0
2015014350,2,6,5,0.8333333333333334,0,0,0,0,9,0,0
2016014400,0,17,8,0.4705882352941176,0,0,0,0,9,0,0
2016014409,0,10,5,0.5,0,0,0,0,9,0,0
2013014253,1,10,2,0.2,0,0,0,0,9,0,0
2011014270,3,91,50,0.5494505494505495,0,0,0,0,9,0,0
2012014284,3,125,47,0.376,0,0,0,0,9,0,0
2012014332,4,36,17,0.4722222222222222,0,0,0,0,9,0,0
2013016088,4,1,1,1.0,0,0,0,0,9,0,0
2013016192,1,9,4,0.4444444444444444,0,0,0,0,9,0,0
2013014111,0,30,9,0.3,0,0,0,0,9,0,0
2012016439,4,28,8,0.2857142857142857,0,0,0,0,9,0,0
2013014214,4,31,14,0.4516129032258064,0,0,0,0,9,0,0
2014014361,0,5,3,0.6,0,0,0,0,9,0,0
2015014402,3,25,13,0.52,0,0,0,0,9,0,0
2013014195,1,3,0,0.0,0,0,0,0,9,0,0
2015014279,0,16,6,0.375,0,0,0,0,9,0,0
2016014318,3,70,13,0.18571428571428567,0,0,0,0,9,0,0
2015014316,4,6,2,0.3333333333333333,0,0,0,0,9,0,0
2015014300,2,7,2,0.2857142857142857,0,0,0,0,9,0,0
2013014194,4,32,17,0.53125,0,0,0,0,9,0,0
2016016437,2,3,0,0.0,0,0,0,0,9,0,0
2013016195,3,18,10,0.5555555555555556,0,0,0,0,9,0,0
2015014489,1,60,32,0.5333333333333333,0,0,0,0,9,0,0
2011014291,4,112,43,0.38392857142857145,0,0,0,0,9,0,0
2017020264,0,28,9,0.32142857142857145,0,0,0,0,9,0,0
2016014334,0,4,1,0.25,0,0,0,0,9,0,0
2011014189,2,92,30,0.32608695652173914,0,0,0,0,9,0,0
2012018038,3,90,58,0.6444444444444445,0,0,0,0,9,0,0
2015014372,1,64,36,0.5625,0,0,0,0,9,0,0
2015014419,3,58,39,0.6724137931034483,0,0,0,0,9,0,0
2017040345,3,1,1,1.0,0,0,0,0,9,0,0
2015014087,3,140,59,0.4214285714285714,0,0,0,0,9,0,0
2019050079,0,1,0,0.0,0,0,0,0,9,0,0
2019040362,3,2,2,1.0,0,0,0,0,9,0,0
2016016465,2,15,10,0.6666666666666666,0,0,0,0,9,0,0
2016016419,3,44,29,0.6590909090909091,0,0,0,0,9,0,0
2013014250,4,67,28,0.417910447761194,0,0,0,0,9,0,0
2014014353,2,107,49,0.4579439252336449,0,0,0,0,9,0,0
2013016131,0,2,1,0.5,0,0,0,0,9,0,0
2012014370,1,59,35,0.5932203389830508,0,0,0,0,9,0,0
2013016129,1,11,2,0.18181818181818185,0,0,0,0,9,0,0
2015014315,2,20,5,0.25,0,0,0,0,9,0,0
2014014367,1,8,3,0.375,0,0,0,0,9,0,0
2013016194,4,52,23,0.4423076923076923,0,0,0,0,9,0,0
2012016425,3,2,1,0.5,0,0,0,0,9,0,0
2015014360,1,14,6,0.42857142857142855,0,0,0,0,9,0,0
2013014313,2,123,53,0.43089430894308944,0,0,0,0,9,0,0
2014014333,4,26,12,0.4615384615384616,0,0,0,0,9,0,0
2013016210,3,8,1,0.125,0,0,0,0,9,0,0
2014014325,0,22,16,0.7272727272727273,0,0,0,0,9,0,0
2011014292,2,57,25,0.43859649122807015,0,0,0,0,9,0,0
2019040493,3,1,1,1.0,0,0,0,0,9,0,0
2016014285,4,2,0,0.0,0,0,0,0,9,0,0
2013016174,3,53,33,0.6226415094339622,0,0,0,0,9,0,0
2016014339,0,5,1,0.2,0,0,0,0,9,0,0
2013016032,2,5,3,0.6,0,0,0,0,9,0,0
2012014397,0,36,24,0.6666666666666666,0,0,0,0,9,0,0
2014014378,3,34,21,0.6176470588235294,0,0,0,0,9,0,0
2013014216,3,17,10,0.5882352941176471,0,0,0,0,9,0,0
2016014313,4,5,1,0.2,0,0,0,0,9,0,0
2012014316,4,38,19,0.5,0,0,0,0,9,0,0
2013016167,1,1,1,1.0,0,0,0,0,9,0,0
2013016202,4,30,16,0.5333333333333333,0,0,0,0,9,0,0
2014014460,3,79,41,0.5189873417721519,0,0,0,0,9,0,0
2012014382,0,85,41,0.4823529411764706,0,0,0,0,9,0,0
2014014389,2,77,26,0.3376623376623377,0,0,0,0,9,0,0
2014014419,4,15,7,0.4666666666666667,0,0,0,0,9,0,0
2013014118,0,15,10,0.6666666666666666,0,0,0,0,9,0,0
2014014363,0,1,1,1.0,0,0,0,0,9,0,0
2013014112,3,37,24,0.6486486486486487,0,0,0,0,9,0,0
2015210285,3,6,5,0.8333333333333334,0,0,0,0,9,0,0
2013016209,3,12,6,0.5,0,0,0,0,9,0,0
2012016332,2,3,0,0.0,0,0,0,0,9,0,0
2011014263,3,57,27,0.4736842105263158,0,0,0,0,9,0,0
2011014242,0,81,28,0.3456790123456789,0,0,0,0,9,0,0
2015014281,4,25,7,0.28,0,0,0,0,9,0,0
2015014274,0,12,6,0.5,0,0,0,0,9,0,0
2016016294,3,49,16,0.32653061224489793,0,0,0,0,9,0,0
2015014347,3,3,1,0.3333333333333333,0,0,0,0,9,0,0
2014014327,4,22,6,0.2727272727272727,0,0,0,0,9,0,0
2016014359,1,22,19,0.8636363636363636,0,0,0,0,9,0,0
2015014363,3,1,1,1.0,0,0,0,0,9,0,0
2016014357,3,10,4,0.4,0,0,0,0,9,0,0
2014014393,3,76,32,0.42105263157894735,0,0,0,0,9,0,0
2015014320,3,69,20,0.2898550724637681,0,0,0,0,9,0,0
2015014297,0,17,4,0.2352941176470588,0,0,0,0,9,0,0
2016014379,2,12,4,0.3333333333333333,0,0,0,0,9,0,0
2013016037,0,68,48,0.7058823529411765,0,0,0,0,9,0,0
2015200803,3,12,8,0.6666666666666666,0,0,0,0,9,0,0
2012016428,1,3,3,1.0,0,0,0,0,9,0,0
2016014452,2,53,39,0.7358490566037735,0,0,0,0,9,0,0
2015200786,3,38,14,0.3684210526315789,0,0,0,0,9,0,0
2014014417,2,52,35,0.6730769230769231,0,0,0,0,9,0,0
2010014370,3,86,48,0.5581395348837209,0,0,0,0,9,0,0
2013014148,3,26,20,0.7692307692307693,0,0,0,0,9,0,0
2015014397,1,59,32,0.5423728813559322,0,0,0,0,9,0,0
2014014314,2,1,1,1.0,0,0,0,0,9,0,0
2019040376,4,2,0,0.0,0,0,0,0,9,0,0
2012014317,1,72,37,0.5138888888888888,0,0,0,0,9,0,0
2013014203,2,14,2,0.14285714285714285,0,0,0,0,9,0,0
2011014274,4,41,22,0.5365853658536586,0,0,0,0,9,0,0
2013014178,3,95,48,0.5052631578947369,0,0,0,0,9,0,0
2015014390,2,12,7,0.5833333333333334,0,0,0,0,9,0,0
2012014323,3,64,37,0.578125,0,0,0,0,9,0,0
2015014376,1,13,6,0.4615384615384616,0,0,0,0,9,0,0
2011014297,3,61,26,0.4262295081967213,0,0,0,0,9,0,0
2013014172,3,37,21,0.5675675675675675,0,0,0,0,9,0,0
2014014385,4,4,1,0.25,0,0,0,0,9,0,0
2018040479,3,39,18,0.4615384615384616,0,0,0,0,9,0,0
2017060410,1,2,0,0.0,0,0,0,0,9,0,0
2014014360,4,26,12,0.4615384615384616,0,0,0,0,9,0,0
2016016471,0,19,17,0.8947368421052632,0,0,0,0,9,0,0
2013014269,2,36,24,0.6666666666666666,0,0,0,0,9,0,0
2015210282,1,1,0,0.0,0,0,0,0,9,0,0
2012016438,3,26,15,0.5769230769230769,0,0,0,0,9,0,0
2012014295,0,64,34,0.53125,0,0,0,0,9,0,0
2012016424,2,3,2,0.6666666666666666,0,0,0,0,9,0,0
2011014338,2,23,10,0.43478260869565216,0,0,0,0,9,0,0
2011014335,1,25,10,0.4,0,0,0,0,9,0,0
2011014283,2,21,11,0.5238095238095238,0,0,0,0,9,0,0
2015014341,1,38,21,0.5526315789473685,0,0,0,0,9,0,0
2012016453,2,5,1,0.2,0,0,0,0,9,0,0
2013014133,0,56,43,0.7678571428571429,0,0,0,0,9,0,0
2019030327,0,5,4,0.8,1350,4,0,0,9,0,0
2014014558,1,42,30,0.7142857142857143,0,0,0,0,9,0,0
2015200814,4,1,1,1.0,0,0,0,0,9,0,0
2013016158,1,34,11,0.3235294117647059,0,0,0,0,9,0,0
2014014305,4,3,2,0.6666666666666666,0,0,0,0,9,0,0
2012016435,4,3,3,1.0,0,0,0,0,9,0,0
2012016322,2,3,2,0.6666666666666666,0,0,0,0,9,0,0
2012016481,0,1,1,1.0,0,0,0,0,9,0,0
2016016409,2,23,15,0.6521739130434783,0,0,0,0,9,0,0
2015014304,3,43,20,0.4651162790697674,0,0,0,0,9,0,0
2014014407,1,36,6,0.16666666666666666,0,0,0,0,9,0,0
2015016503,3,50,31,0.62,0,0,0,0,9,0,0
2011014279,2,47,23,0.4893617021276596,0,0,0,0,9,0,0
2016014336,1,14,5,0.35714285714285715,0,0,0,0,9,0,0
2011014289,0,31,18,0.5806451612903226,0,0,0,0,9,0,0
2016014333,3,3,1,0.3333333333333333,0,0,0,0,9,0,0
2016014327,3,4,2,0.5,0,0,0,0,9,0,0
2013200000,0,63,40,0.6349206349206349,0,0,0,0,9,0,0
2011014255,2,55,29,0.5272727272727272,0,0,0,0,9,0,0
1613062032,2,2,0,0.0,0,0,0,0,9,0,0
2015210299,2,1,1,1.0,0,0,0,0,9,0,0
2014014133,2,73,38,0.5205479452054794,0,0,0,0,9,0,0
2015210290,0,24,13,0.5416666666666666,0,0,0,0,9,0,0
2014014418,0,3,2,0.6666666666666666,0,0,0,0,9,0,0
2015014546,2,44,27,0.6136363636363636,0,0,0,0,9,0,0
2015200813,4,18,6,0.3333333333333333,0,0,0,0,9,0,0
2012014408,4,15,13,0.8666666666666667,0,0,0,0,9,0,0
2014014387,2,9,1,0.1111111111111111,0,0,0,0,9,0,0
2015014499,4,26,15,0.5769230769230769,0,0,0,0,9,0,0
2011014115,2,7,4,0.5714285714285714,0,0,0,0,9,0,0
2013014206,2,29,13,0.4482758620689655,0,0,0,0,9,0,0
2017040422,0,22,11,0.5,1271,3,0,0,9,0,0
2011014288,0,28,14,0.5,0,0,0,0,9,0,0
2011014238,3,58,24,0.4137931034482759,0,0,0,0,9,0,0
2013016076,1,1,0,0.0,0,0,0,0,9,0,0
2015200807,4,1,1,1.0,0,0,0,0,9,0,0
2017040502,0,34,20,0.5882352941176471,1163,6,6,0,9,0,0
2015014483,3,32,19,0.59375,0,0,0,0,9,0,0
2015014448,1,4,2,0.5,0,0,0,0,9,0,0
2015014276,4,43,16,0.37209302325581395,0,0,0,0,9,0,0
2015014380,4,3,1,0.3333333333333333,0,0,0,0,9,0,0
2018200814,3,14,6,0.42857142857142855,0,0,0,0,9,0,0
2016014358,4,8,2,0.25,0,0,0,0,9,0,0
2012014387,4,9,7,0.7777777777777778,0,0,0,0,9,0,0
2011014260,2,40,12,0.3,0,0,0,0,9,0,0
2019040438,2,8,6,0.75,0,0,0,0,9,0,0
2010014367,2,50,32,0.64,0,0,0,0,9,0,0
2012200816,0,60,32,0.5333333333333333,0,0,0,0,9,0,0
2013014390,2,35,10,0.2857142857142857,0,0,0,0,9,0,0
2011014204,3,27,9,0.3333333333333333,0,0,0,0,9,0,0
2019040353,0,6,2,0.3333333333333333,0,0,0,0,9,0,0
2013016138,4,2,0,0.0,0,0,0,0,9,0,0
1905946527,0,1,0,0.0,0,0,0,0,9,0,0
2014014409,4,51,15,0.29411764705882354,0,0,0,0,9,0,0
2018210412,3,3,2,0.6666666666666666,0,0,0,0,9,0,0
2011014216,1,11,1,0.09090909090909093,0,0,0,0,9,0,0
2012500051,0,27,9,0.3333333333333333,0,0,0,0,9,0,0
2010016372,1,52,29,0.5576923076923077,0,0,0,0,9,0,0
2011014301,0,27,11,0.4074074074074074,0,0,0,0,9,0,0
2013016132,0,2,2,1.0,0,0,0,0,9,0,0
2011014272,1,21,9,0.42857142857142855,0,0,0,0,9,0,0
2011014305,4,23,7,0.3043478260869565,0,0,0,0,9,0,0
2012014327,3,7,0,0.0,0,0,0,0,9,0,0
2013016111,1,2,1,0.5,0,0,0,0,9,0,0
2014014235,3,57,31,0.543859649122807,0,0,0,0,9,0,0
2010014397,0,41,20,0.4878048780487805,0,0,0,0,9,0,0
2015200811,1,1,1,1.0,0,0,0,0,9,0,0
2015014355,3,28,10,0.35714285714285715,0,0,0,0,9,0,0
2012014314,0,39,24,0.6153846153846154,0,0,0,0,9,0,0
2014014433,0,26,12,0.4615384615384616,0,0,0,0,9,0,0
2011014285,4,9,5,0.5555555555555556,0,0,0,0,9,0,0
2013016137,0,91,15,0.16483516483516486,0,0,0,0,9,0,0
2010014372,2,41,27,0.6585365853658537,0,0,0,0,9,0,0
2014014441,0,10,9,0.9,0,0,0,0,9,0,0
2019040417,1,8,4,0.5,0,0,0,0,9,0,0
2012014334,1,7,5,0.7142857142857143,0,0,0,0,9,0,0
2012014371,4,29,13,0.4482758620689655,0,0,0,0,9,0,0
2011014257,1,14,4,0.2857142857142857,0,0,0,0,9,0,0
2010014444,3,68,27,0.3970588235294117,0,0,0,0,9,0,0
2011014251,0,6,2,0.3333333333333333,0,0,0,0,9,0,0
2012014376,0,53,5,0.09433962264150944,0,0,0,0,9,0,0
2012014331,0,43,19,0.4418604651162791,0,0,0,0,9,0,0
2015200804,3,9,4,0.4444444444444444,0,0,0,0,9,0,0
2014014406,1,17,9,0.5294117647058824,0,0,0,0,9,0,0
2012014367,0,24,17,0.7083333333333334,0,0,0,0,9,0,0
2012014418,2,12,9,0.75,0,0,0,0,9,0,0
2015210286,1,2,1,0.5,0,0,0,0,9,0,0
2011014310,4,11,7,0.6363636363636364,0,0,0,0,9,0,0
2011014252,0,7,3,0.42857142857142855,0,0,0,0,9,0,0
2014014374,3,47,16,0.3404255319148936,0,0,0,0,9,0,0
2012016372,3,9,1,0.1111111111111111,0,0,0,0,9,0,0
2015014453,2,22,10,0.4545454545454545,0,0,0,0,9,0,0
2016016457,3,5,4,0.8,0,0,0,0,9,0,0
2011014218,2,6,2,0.3333333333333333,0,0,0,0,9,0,0
2011014240,3,1,0,0.0,0,0,0,0,9,0,0
2011016347,1,18,4,0.2222222222222222,0,0,0,0,9,0,0
2015016521,3,31,23,0.7419354838709677,0,0,0,0,9,0,0
2015016508,1,29,19,0.6551724137931034,0,0,0,0,9,0,0
2011014247,4,7,3,0.42857142857142855,0,0,0,0,9,0,0
2019040400,0,12,6,0.5,0,0,0,0,9,0,0
1372127907,4,77,16,0.2077922077922078,0,0,0,0,9,0,0
2011014331,3,5,1,0.2,0,0,0,0,9,0,0
2014014347,3,7,1,0.14285714285714285,0,0,0,0,9,0,0
2018040471,3,23,2,0.08695652173913042,0,0,0,0,9,0,0
2015200793,4,3,1,0.3333333333333333,0,0,0,0,9,0,0
2012015346,0,18,12,0.6666666666666666,0,0,0,0,9,0,0
2012016398,1,2,0,0.0,0,0,0,0,9,0,0
2015210284,3,7,1,0.14285714285714285,0,0,0,0,9,0,0
2019040393,3,6,5,0.8333333333333334,0,0,0,0,9,0,0
2011014241,3,3,1,0.3333333333333333,0,0,0,0,9,0,0
2013014530,0,49,14,0.2857142857142857,0,0,0,0,9,0,0
2012014388,4,23,15,0.6521739130434783,0,0,0,0,9,0,0
2016014459,1,6,4,0.6666666666666666,1349,2,9,3,9,0,0
2019040344,3,3,3,1.0,0,0,0,0,9,0,0
2013014503,1,47,24,0.5106382978723404,0,0,0,0,9,0,0
2015200815,0,9,3,0.3333333333333333,0,0,0,0,9,0,0
2011014209,1,21,8,0.3809523809523809,0,0,0,0,9,0,0
2016016447,2,17,9,0.5294117647058824,0,0,0,0,9,0,0
2019110006,0,2,0,0.0,0,0,0,0,9,0,0
2011014319,1,11,7,0.6363636363636364,0,0,0,0,9,0,0
2011014215,1,46,14,0.3043478260869565,0,0,0,0,9,0,0
2012015900,4,30,20,0.6666666666666666,0,0,0,0,9,0,0
2016015332,0,19,16,0.8421052631578947,0,0,0,0,9,0,0
2011014268,2,12,9,0.75,0,0,0,0,9,0,0
2015011396,2,44,29,0.6590909090909091,0,0,0,0,9,0,0
2016014384,1,4,2,0.5,0,0,0,0,9,0,0
2013016176,1,1,0,0.0,0,0,0,0,9,0,0
2011014309,2,10,2,0.2,0,0,0,0,9,0,0
2010014364,4,6,6,1.0,0,0,0,0,9,0,0
2015014451,3,5,2,0.4,0,0,0,0,9,0,0
2015014270,4,4,1,0.25,0,0,0,0,9,0,0
2012014286,0,21,9,0.42857142857142855,0,0,0,0,9,0,0
2016016448,1,10,2,0.2,0,0,0,0,9,0,0
2011014243,0,1,1,1.0,0,0,0,0,9,0,0
2018040234,4,17,15,0.8823529411764706,0,0,0,0,9,0,0
2015200780,2,1,1,1.0,0,0,0,0,9,0,0
2019130105,0,16,9,0.5625,0,0,0,0,9,0,0
2013014260,3,8,4,0.5,0,0,0,0,9,0,0
2012014426,3,13,10,0.7692307692307693,0,0,0,0,9,0,0
2014014587,1,4,3,0.75,0,0,0,0,9,0,0
2015014436,3,2,1,0.5,0,0,0,0,9,0,0
2012018019,1,41,17,0.4146341463414634,0,0,0,0,9,0,0
2014014421,4,2,1,0.5,0,0,0,0,9,0,0
2011014233,2,14,2,0.14285714285714285,0,0,0,0,9,0,0
2015014450,0,1,1,1.0,0,0,0,0,9,0,0
2015014456,4,2,1,0.5,0,0,0,0,9,0,0
2014014317,4,8,1,0.125,0,0,0,0,9,0,0
2012016426,2,8,3,0.375,0,0,0,0,9,0,0
2012014337,3,3,1,0.3333333333333333,0,0,0,0,9,0,0
2013016168,2,4,1,0.25,0,0,0,0,9,0,0
2013016160,1,6,0,0.0,0,0,0,0,9,0,0
2010000898,3,22,16,0.7272727272727273,0,0,0,0,9,0,0
2015016479,3,5,0,0.0,0,0,0,0,9,0,0
2015014548,2,4,0,0.0,0,0,0,0,9,0,0
2015014354,3,3,0,0.0,0,0,0,0,9,0,0
2014014373,2,9,6,0.6666666666666666,0,0,0,0,9,0,0
2011014267,0,13,4,0.3076923076923077,0,0,0,0,9,0,0
2013014031,3,19,15,0.7894736842105263,0,0,0,0,9,0,0
2015200805,2,20,13,0.65,0,0,0,0,9,0,0
2011014306,2,1,0,0.0,0,0,0,0,9,0,0
2019040515,2,2,0,0.0,0,0,0,0,9,0,0
2014014000,3,18,8,0.4444444444444444,0,0,0,0,9,0,0
2015200809,0,11,5,0.4545454545454545,0,0,0,0,9,0,0
2015014549,2,2,0,0.0,0,0,0,0,9,0,0
2019130185,3,3,2,0.6666666666666666,0,0,0,0,9,0,0
2010014429,0,20,14,0.7,0,0,0,0,9,0,0
2014014555,4,2,0,0.0,0,0,0,0,9,0,0
2015200790,0,3,3,1.0,0,0,0,0,9,0,0
2015011179,3,26,15,0.5769230769230769,0,0,0,0,9,0,0
2012014338,3,1,1,1.0,0,0,0,0,9,0,0
2014014001,2,27,14,0.5185185185185185,0,0,0,0,9,0,0
2014014559,4,2,1,0.5,0,0,0,0,9,0,0
2017040511,4,4,4,1.0,0,0,0,0,9,0,0
2018040206,4,9,8,0.8888888888888888,0,0,0,0,9,0,0
2016011228,1,18,11,0.6111111111111112,0,0,0,0,9,0,0
2015200816,1,5,3,0.6,0,0,0,0,9,0,0
2016015342,1,28,14,0.5,0,0,0,0,9,0,0
2014014312,0,10,2,0.2,0,0,0,0,9,0,0
2011014293,2,12,3,0.25,0,0,0,0,9,0,0
2014014511,3,8,6,0.75,0,0,0,0,9,0,0
2012200904,4,24,10,0.4166666666666667,0,0,0,0,9,0,0
2012014398,1,4,0,0.0,0,0,0,0,9,0,0
2014014467,0,2,0,0.0,0,0,0,0,9,0,0
2018666666,1,180,13,0.07222222222222223,0,0,0,0,9,0,0
2011018902,2,20,13,0.65,0,0,0,0,9,0,0
2011013512,2,27,13,0.4814814814814815,0,0,0,0,9,0,0
2014014566,3,4,4,1.0,0,0,0,0,9,0,0
2014014527,4,1,1,1.0,0,0,0,0,9,0,0
2014014339,3,9,0,0.0,0,0,0,0,9,0,0
2014014336,2,16,12,0.75,0,0,0,0,9,0,0
2016011168,4,23,12,0.5217391304347826,0,0,0,0,9,0,0
2013013087,1,17,11,0.6470588235294118,0,0,0,0,9,0,0
2010016096,2,7,2,0.2857142857142857,0,0,0,0,9,0,0
2014014575,0,13,10,0.7692307692307693,0,0,0,0,9,0,0
2010014325,2,32,12,0.375,0,0,0,0,9,0,0
2014014567,1,7,0,0.0,0,0,0,0,9,0,0
2017200800,2,5,0,0.0,0,0,0,0,9,0,0
2017050337,3,4,1,0.25,0,0,0,0,9,0,0
2010014328,1,42,14,0.3333333333333333,0,0,0,0,9,0,0
2012014407,2,2,0,0.0,0,0,0,0,9,0,0
2014016462,1,12,11,0.9166666666666666,0,0,0,0,9,0,0
2013014223,1,15,11,0.7333333333333333,0,0,0,0,9,0,0
2017060368,1,20,11,0.55,0,0,0,0,9,0,0
2014200812,3,3,1,0.3333333333333333,0,0,0,0,9,0,0
2014015354,3,7,6,0.8571428571428571,0,0,0,0,9,0,0
2012014346,2,14,7,0.5,0,0,0,0,9,0,0
2015012029,1,33,11,0.3333333333333333,0,0,0,0,9,0,0
2011018044,0,31,15,0.4838709677419355,0,0,0,0,9,0,0
2014014459,1,17,4,0.2352941176470588,0,0,0,0,9,0,0
2014014120,1,49,14,0.2857142857142857,0,0,0,0,9,0,0
2013014193,0,53,11,0.2075471698113208,0,0,0,0,9,0,0
2011014315,4,9,4,0.4444444444444444,0,0,0,0,9,0,0
2000500067,1,8,7,0.875,0,0,0,0,9,0,0
2015400127,0,19,11,0.5789473684210527,0,0,0,0,9,0,0
2015013209,1,20,10,0.5,0,0,0,0,9,0,0
2010014404,4,23,13,0.5652173913043478,0,0,0,0,9,0,0
2013014520,3,24,10,0.4166666666666667,0,0,0,0,9,0,0
2016014239,2,6,3,0.5,0,0,0,0,9,0,0
2019040391,3,2,1,0.5,0,0,0,0,9,0,0
2010014368,2,21,10,0.4761904761904762,0,0,0,0,9,0,0
2012014421,2,13,6,0.4615384615384616,0,0,0,0,9,0,0
2013200794,0,24,5,0.2083333333333333,0,0,0,0,9,0,0
2012016326,4,2,1,0.5,0,0,0,0,9,0,0
2016016212,4,7,6,0.8571428571428571,0,0,0,0,9,0,0
2013200754,3,12,10,0.8333333333333334,0,0,0,0,9,0,0
2014014124,4,16,9,0.5625,0,0,0,0,9,0,0
2015012172,4,14,9,0.6428571428571429,0,0,0,0,9,0,0
2015014084,4,15,9,0.6,0,0,0,0,9,0,0
2014014482,3,11,6,0.5454545454545454,0,0,0,0,9,0,0
2013014201,2,14,4,0.2857142857142857,0,0,0,0,9,0,0
2015016491,4,1,0,0.0,0,0,0,0,9,0,0
2013210282,1,24,9,0.375,0,0,0,0,9,0,0
2016210279,2,11,8,0.7272727272727273,0,0,0,0,9,0,0
2012014189,2,12,8,0.6666666666666666,0,0,0,0,9,0,0
2012017159,3,19,8,0.42105263157894735,0,0,0,0,9,0,0
2015210304,0,21,9,0.42857142857142855,0,0,0,0,9,0,0
1519162379,0,22,7,0.3181818181818182,0,0,0,0,9,0,0
2011014212,2,4,0,0.0,0,0,0,0,9,0,0
2014014320,4,6,2,0.3333333333333333,0,0,0,0,9,0,0
2014014330,2,8,7,0.875,0,0,0,0,9,0,0
2013210309,3,1,0,0.0,0,0,0,0,9,0,0
2015014222,1,14,7,0.5,0,0,0,0,9,0,0
2011014304,3,1,0,0.0,0,0,0,0,9,0,0
2016014440,2,1,0,0.0,0,0,0,0,9,0,0
2017000000,0,7,3,0.42857142857142855,0,0,0,0,9,0,0
2012014308,0,5,2,0.4,0,0,0,0,9,0,0
2014014517,4,1,0,0.0,0,0,0,0,9,0,0
2015013118,4,38,7,0.18421052631578946,0,0,0,0,9,0,0
2013016223,3,7,3,0.42857142857142855,0,0,0,0,9,0,0
2013011414,3,8,6,0.75,0,0,0,0,9,0,0
2013014405,4,1,0,0.0,0,0,0,0,9,0,0
2010014347,1,12,6,0.5,0,0,0,0,9,0,0
2016110037,2,13,6,0.4615384615384616,0,0,0,0,9,0,0
2011014337,3,1,1,1.0,0,0,0,0,9,0,0
2011018102,1,3,2,0.6666666666666666,0,0,0,0,9,0,0
2010014384,2,22,6,0.2727272727272727,0,0,0,0,9,0,0
2015018166,2,42,8,0.19047619047619047,0,0,0,0,9,0,0
2013014190,2,10,5,0.5,0,0,0,0,9,0,0
2010014409,0,53,6,0.11320754716981132,0,0,0,0,9,0,0
2015013200,3,5,5,1.0,0,0,0,0,9,0,0
2015014337,3,6,5,0.8333333333333334,0,0,0,0,9,0,0
2015017069,4,7,5,0.7142857142857143,0,0,0,0,9,0,0
2013018176,1,8,5,0.625,0,0,0,0,9,0,0
2010014332,3,11,5,0.4545454545454545,0,0,0,0,9,0,0
2019040392,0,4,3,0.75,0,0,0,0,9,0,0
2013015099,4,12,4,0.3333333333333333,0,0,0,0,9,0,0
2011014324,2,15,5,0.3333333333333333,0,0,0,0,9,0,0
2016200804,2,2,0,0.0,0,0,0,0,9,0,0
2016013238,2,11,4,0.3636363636363637,0,0,0,0,9,0,0
2012014355,3,2,1,0.5,0,0,0,0,9,0,0
2013014594,2,24,7,0.2916666666666667,0,0,0,0,9,0,0
2012015348,4,1,1,1.0,0,0,0,0,9,0,0
2015012192,4,5,4,0.8,0,0,0,0,9,0,0
2018077042,3,1,0,0.0,0,0,0,0,9,0,0
2019040449,2,2,2,1.0,0,0,0,0,9,0,0
2015016039,2,8,4,0.5,0,0,0,0,9,0,0
2013012184,3,9,4,0.4444444444444444,0,0,0,0,9,0,0
2017040447,1,5,3,0.6,0,0,0,0,9,0,0
2019040444,3,8,3,0.375,0,0,0,0,9,0,0
1900010110,0,11,5,0.4545454545454545,0,0,0,0,9,0,0
2015013062,4,12,4,0.3333333333333333,0,0,0,0,9,0,0
2013016490,0,1,0,0.0,0,0,0,0,9,0,0
2013017049,4,14,4,0.2857142857142857,0,0,0,0,9,0,0
2011014256,4,6,4,0.6666666666666666,0,0,0,0,9,0,0
2018040242,1,11,3,0.2727272727272727,0,0,0,0,9,0,0
2012011333,1,20,5,0.25,0,0,0,0,9,0,0
2015014437,3,1,1,1.0,0,0,0,0,9,0,0
2011014101,4,4,3,0.75,0,0,0,0,9,0,0
2016000000,4,4,3,0.75,0,0,0,0,9,0,0
2012014392,0,2,1,0.5,0,0,0,0,9,0,0
2012140346,4,5,3,0.6,0,0,0,0,9,0,0
2014200787,1,2,1,0.5,0,0,0,0,9,0,0
2015014251,0,5,3,0.6,0,0,0,0,9,0,0
2011018110,0,2,1,0.5,0,0,0,0,9,0,0
2009210536,2,2,1,0.5,0,0,0,0,9,0,0
2014014140,0,5,3,0.6,0,0,0,0,9,0,0
2015011357,4,6,3,0.5,0,0,0,0,9,0,0
2010014392,1,7,3,0.42857142857142855,0,0,0,0,9,0,0
2013016035,3,1,0,0.0,0,0,0,0,9,0,0
2015200791,1,7,3,0.42857142857142855,0,0,0,0,9,0,0
2015016509,2,7,3,0.42857142857142855,0,0,0,0,9,0,0
2012012323,1,8,3,0.375,0,0,0,0,9,0,0
2013014478,2,8,3,0.375,0,0,0,0,9,0,0
2014014498,3,3,1,0.3333333333333333,0,0,0,0,9,0,0
2015200800,2,7,2,0.2857142857142857,0,0,0,0,9,0,0
2015014186,4,8,5,0.625,0,0,0,0,9,0,0
2016013118,1,9,4,0.4444444444444444,0,0,0,0,9,0,0
2018040148,2,9,3,0.3333333333333333,0,0,0,0,9,0,0
2014014344,4,10,3,0.3,0,0,0,0,9,0,0
2015210297,2,2,1,0.5,0,0,0,0,9,0,0
2015015153,1,10,4,0.4,0,0,0,0,9,0,0
2018014425,0,10,3,0.3,0,0,0,0,9,0,0
2018210455,0,1,0,0.0,0,0,0,0,9,0,0
2017201251,3,11,3,0.2727272727272727,0,0,0,0,9,0,0
2014200781,1,1,1,1.0,0,0,0,0,9,0,0
2015014015,0,12,3,0.25,0,0,0,0,9,0,0
1510252625,3,12,5,0.4166666666666667,0,0,0,0,9,0,0
2012012555,3,1,0,0.0,0,0,0,0,9,0,0
2015016361,1,13,3,0.2307692307692308,0,0,0,0,9,0,0
2017200779,3,13,6,0.4615384615384616,0,0,0,0,9,0,0
2014014582,1,1,0,0.0,0,0,0,0,9,0,0
2017040339,4,16,3,0.1875,0,0,0,0,9,0,0
2015014068,3,4,0,0.0,0,0,0,0,9,0,0
2015014100,2,17,3,0.17647058823529413,0,0,0,0,9,0,0
2012014294,1,2,0,0.0,0,0,0,0,9,0,0
2011014258,1,12,3,0.25,0,0,0,0,9,0,0
2015014432,2,2,1,0.5,0,0,0,0,9,0,0
2012016447,2,15,3,0.2,0,0,0,0,9,0,0
2015013381,4,65,3,0.04615384615384616,0,0,0,0,9,0,0
2011014409,3,2,2,1.0,0,0,0,0,9,0,0
2017200772,4,2,2,1.0,0,0,0,0,9,0,0
2010014346,2,2,2,1.0,0,0,0,0,9,0,0
2013200773,1,3,2,0.6666666666666666,0,0,0,0,9,0,0
2017200803,4,3,2,0.6666666666666666,0,0,0,0,9,0,0
2012015328,4,2,2,1.0,0,0,0,0,9,0,0
2014200803,2,4,2,0.5,0,0,0,0,9,0,0
2013012587,1,5,2,0.4,0,0,0,0,9,0,0
2014014137,2,2,2,1.0,0,0,0,0,9,0,0
2015200785,3,6,1,0.16666666666666666,0,0,0,0,9,0,0
1204020315,0,8,2,0.25,0,0,0,0,9,0,0
2010000000,4,8,2,0.25,0,0,0,0,9,0,0
2010014432,1,9,2,0.2222222222222222,0,0,0,0,9,0,0
2015012352,3,5,2,0.4,0,0,0,0,9,0,0
2015013038,4,9,2,0.2222222222222222,0,0,0,0,9,0,0
2015014140,3,3,2,0.6666666666666666,0,0,0,0,9,0,0
2011018047,3,4,0,0.0,0,0,0,0,9,0,0
2012200791,4,12,2,0.16666666666666666,0,0,0,0,9,0,0
2013012393,4,12,2,0.16666666666666666,0,0,0,0,9,0,0
2013210296,1,1,1,1.0,0,0,0,0,9,0,0
2014200799,3,2,0,0.0,0,0,0,0,9,0,0
2011018061,4,5,0,0.0,0,0,0,0,9,0,0
2011018052,4,2,1,0.5,0,0,0,0,9,0,0
2012994278,3,1,1,1.0,0,0,0,0,9,0,0
2015200802,1,10,2,0.2,0,0,0,0,9,0,0
2012014313,2,1,1,1.0,0,0,0,0,9,0,0
2012016376,1,1,0,0.0,0,0,0,0,9,0,0
2008000740,3,1,1,1.0,0,0,0,0,9,0,0
2010014369,4,1,1,1.0,0,0,0,0,9,0,0
2011014461,4,1,1,1.0,0,0,0,0,9,0,0
2012015356,3,1,1,1.0,0,0,0,0,9,0,0
2012210224,2,1,1,1.0,0,0,0,0,9,0,0
2011500016,2,1,1,1.0,0,0,0,0,9,0,0
2011016345,0,1,1,1.0,0,0,0,0,9,0,0
1992500017,2,1,1,1.0,0,0,0,0,9,0,0
2011500052,4,1,1,1.0,0,0,0,0,9,0,0
2013014115,2,1,1,1.0,0,0,0,0,9,0,0
2013014227,1,1,1,1.0,0,0,0,0,9,0,0
2013014456,4,1,1,1.0,0,0,0,0,9,0,0
2014014004,1,1,1,1.0,0,0,0,0,9,0,0
2014014423,2,1,1,1.0,0,0,0,0,9,0,0
2014014436,3,1,1,1.0,0,0,0,0,9,0,0
2014016528,1,1,1,1.0,0,0,0,0,9,0,0
2015210296,4,1,1,1.0,0,0,0,0,9,0,0
2015200796,2,1,1,1.0,0,0,0,0,9,0,0
2017050325,2,1,1,1.0,0,0,0,0,9,0,0
2018110071,0,1,1,1.0,0,0,0,0,9,0,0
2012016400,3,2,1,0.5,0,0,0,0,9,0,0
2012017001,2,2,1,0.5,0,0,0,0,9,0,0
2012014251,4,1,1,1.0,0,0,0,0,9,0,0
2012210191,4,2,1,0.5,0,0,0,0,9,0,0
2014011111,3,1,1,1.0,0,0,0,0,9,0,0
2014011133,1,2,1,0.5,0,0,0,0,9,0,0
2014013355,2,2,1,0.5,0,0,0,0,9,0,0
2014014008,1,2,1,0.5,0,0,0,0,9,0,0
2014014118,0,1,1,1.0,0,0,0,0,9,0,0
2014210367,2,1,1,1.0,0,0,0,0,9,0,0
2015200783,0,2,1,0.5,0,0,0,0,9,0,0
2015210294,3,2,1,0.5,0,0,0,0,9,0,0
2015200792,4,2,1,0.5,0,0,0,0,9,0,0
2015200789,2,2,1,0.5,0,0,0,0,9,0,0
2015200812,0,2,1,0.5,0,0,0,0,9,0,0
2015011259,2,2,1,0.5,0,0,0,0,9,0,0
2016200784,1,2,1,0.5,0,0,0,0,9,0,0
2012014543,0,3,2,0.6666666666666666,0,0,0,0,9,0,0
2012200778,0,3,1,0.3333333333333333,0,0,0,0,9,0,0
2014999999,1,3,1,0.3333333333333333,0,0,0,0,9,0,0
2015200787,4,3,1,0.3333333333333333,0,0,0,0,9,0,0
2016016494,2,3,1,0.3333333333333333,0,0,0,0,9,0,0
2018040181,0,3,1,0.3333333333333333,0,0,0,0,9,0,0
2013015145,4,4,1,0.25,0,0,0,0,9,0,0
2017200775,0,4,1,0.25,0,0,0,0,9,0,0
1608040206,4,4,1,0.25,0,0,0,0,9,0,0
2013014196,0,5,1,0.2,0,0,0,0,9,0,0
2013016468,4,2,1,0.5,0,0,0,0,9,0,0
2014014525,2,1,0,0.0,0,0,0,0,9,0,0
2014016049,2,5,1,0.2,0,0,0,0,9,0,0
2014210350,2,5,1,0.2,0,0,0,0,9,0,0
2015210303,1,5,1,0.2,0,0,0,0,9,0,0
2015017159,0,5,1,0.2,0,0,0,0,9,0,0
2017040455,4,1,1,1.0,0,0,0,0,9,0,0
2016014208,0,1,1,1.0,0,0,0,0,9,0,0
2013015094,0,6,1,0.16666666666666666,0,0,0,0,9,0,0
2013011211,0,8,2,0.25,0,0,0,0,9,0,0
2015200817,2,8,1,0.125,0,0,0,0,9,0,0
2018050130,4,7,0,0.0,0,0,0,0,9,0,0
2011014445,1,6,1,0.16666666666666666,0,0,0,0,9,0,0
2011018040,0,2,0,0.0,0,0,0,0,9,0,0
2015200795,1,28,1,0.03571428571428571,0,0,0,0,9,0,0
