学号,编程年份,OJ提交数,OJ正确数,OJ准确率,cfRating,cfTimes,all_cf_aftersolve,correct_cf_aftersolve,省部级获奖数,国家级获奖数,获奖类别
2016014537,-0.46072127044466527,0.3051120663180363,-0.177885094935713,-0.46643315160624427,3.0856092378598903,-0.24750630736868587,-0.25838462181133787,-0.38674873223463163,-0.4650725962217261,-0.4650725962217261,-0.4628969333331957
2015014309,-0.3981704223905795,-0.06979142985044152,-0.17706190074688657,-0.40324992314684727,3.1439443104757085,-0.21646737985170314,-0.33249462388255185,-0.34125139701695556,-0.4003596156741804,-0.4025488089577813,-0.4025488089577813
2015014391,-0.36711974163444405,-0.16702195485189011,-0.22530286362350777,-0.37155495544677036,3.1549898451303156,-0.27581298455890974,-0.2738702875998558,-0.36129165075728226,-0.36906243859349797,-0.3729478325116058,-0.3710051355525519
2017040381,-0.3565642594189401,-0.2421154058899253,-0.2762065537496318,-0.35727449166682895,3.1548239701308325,-0.13497179833084763,-0.3565642594189401,-0.3565642594189401,-0.35899934140891915,-0.35899934140891915,-0.3565642594189401
2016014281,-0.3795854883974679,-0.21043793232905963,-0.3164370674652622,-0.383217401288794,3.1522154823108965,-0.27809695475642293,-0.1269918046686449,-0.3119264659701046,-0.38184078914504666,-0.38409608989262545,-0.3795854883974679
2017060374,-0.37599713725235656,-0.16918222460530605,-0.20611345900656508,-0.3744803186973819,3.1546288715080055,-0.2947484215695867,-0.27812936608902017,-0.33167965597084575,-0.37599713725235656,-0.37599713725235656,-0.37230401381223066
2015014386,-0.4190812896971598,0.25335876509112076,-0.1470830652884171,-0.42560141174345173,3.0992661130714847,-0.25537865463634246,-0.41152578346358365,-0.42159979177501855,-0.4241182938528773,-0.426636795930736,-0.42159979177501855
2014014375,-0.5112104217285581,0.8307105063401408,0.14156135502775175,-0.5183049778942304,2.8981579602773078,-0.38186864552916544,-0.4303718116039377,-0.4849378734380565,-0.5132313869816736,-0.5152523522347892,-0.5152523522347892
2016014323,-0.44241159148479803,0.3330001907066883,-0.05556535868416739,-0.44498866866929115,3.0770294687058284,-0.33409464630062147,-0.3856741440073722,-0.41662184263142266,-0.44413090807502303,-0.44413090807502303,-0.44241159148479803
2016014537,-0.4462885003123997,0.2809642539052827,-0.19446366601612758,-0.4498701693972431,3.0944555060429435,-0.3268887943960638,-0.24222354838266194,-0.3703068692747314,-0.45063030780026647,-0.45063030780026647,-0.44411759656846633
2015014275,-0.43146559826918,0.15591049235749568,-0.11791964241864139,-0.4366104016300283,3.1136940092142433,-0.32067936053532303,-0.28723445857793223,-0.37502732621608303,-0.43355590464151694,-0.43564621101385387,-0.43146559826918
2016014308,-0.374933532224051,-0.12897672295509977,-0.2915220925589284,-0.3784615637514539,3.1497344823431805,-0.14180925213434942,-0.3449909641391352,-0.35782349331838487,-0.37921104195046756,-0.37921104195046756,-0.37279477736084277
2016014350,-0.348836546724627,-0.3092053349001399,-0.33298406199483216,-0.3518989585465276,3.158525699742479,-0.18436701765300564,-0.26561100189320414,-0.315150016673813,-0.35081810731585134,-0.3527996679070757,-0.34685498613340265
2015014309,-0.37296614020348773,-0.08966138919071012,-0.18159471898955848,-0.3754432020443113,3.148643248213622,-0.2660232871721743,-0.3654613785872552,-0.3710899497994296,-0.37484233060754585,-0.37671852101160397,-0.37484233060754585
2016014323,-0.40198174324206387,0.1068520088315488,-0.13388654053661203,-0.40284152377474,3.125202760379323,-0.3709775361264674,-0.33997332901087096,-0.37280131301562014,-0.4038055201312166,-0.4038055201312166,-0.40198174324206387
2014014375,-0.5029642763692788,0.8361431719308005,0.14947303678745152,-0.5080196164955095,2.896153577360847,-0.4566492819167948,-0.4204027645191987,-0.47477254061559293,-0.5049779717802564,-0.5069916671912339,-0.5069916671912339
2015014267,-0.35542664148697434,-0.24900910043880348,-0.2823949956696022,-0.3581431824894789,3.158438831554589,-0.2051901129483802,-0.3095210355446261,-0.32412736470810055,-0.3595998783908242,-0.3595998783908242,-0.35542664148697434
2015014325,-0.4274471506949594,0.2553395649455575,-0.07222789364833535,-0.43058835285359476,3.0949665598991087,-0.33811057107844317,-0.3891600451450239,-0.40404947508110994,-0.43170127353384113,-0.43170127353384113,-0.42532008927551856
2014014375,-0.5077676736104089,0.7673007792978341,0.10152136559574527,-0.5108353122437489,2.928057603767341,-0.34636660362202365,-0.4230321118665066,-0.4775049729875866,-0.5097851869852636,-0.5118027003601184,-0.5097851869852636
2015014275,-0.41132748478634196,0.07619119715354229,-0.1515839247364036,-0.41225717916050586,3.1291770414328175,-0.30942808815136613,-0.3214162524613633,-0.36337482754635336,-0.4133255121713415,-0.4133255121713415,-0.4093294574013424
2012014329,-0.41159414669185307,0.12820227179125437,-0.1260363143885027,-0.4161376780249649,3.120111430892164,-0.29184408798399647,-0.3563248888266885,-0.3986979865233147,-0.41527876388286405,-0.41712107247836955,-0.41527876388286405
2013014137,-0.5293679352998047,1.127651339012642,0.35410425763828096,-0.5323515598793751,2.7195298064725106,-0.500868832301802,-0.5191896842290895,-0.5252966348715187,-0.5314035855139478,-0.5334392357280909,-0.5293679352998047
2012014148,-0.48296475554786267,0.4181849792651855,0.0028506042815180425,-0.4891496223425207,3.043601664768005,-0.223695418436846,-0.37472610024908876,-0.43765555100418985,-0.48548193357806674,-0.48548193357806674,-0.48548193357806674
2013014135,-0.5567228575215011,1.1893355431984536,0.29758641846428574,-0.5592921290655325,2.6988421722809095,-0.4290870095156564,-0.4341924434358902,-0.5294938766135875,-0.5601264801349902,-0.5601264801349902,-0.5567228575215011
2013014243,-0.5208628299722098,0.6833293274346235,0.14734575933393498,-0.524270833971611,2.9476828155780606,-0.341414586907662,-0.4098882586033447,-0.4098882586033447,-0.5255851521581189,-0.5255851521581189,-0.5208628299722098
2013014233,-0.43271730202646114,0.25923969651829926,-0.09979459517945378,-0.4360152495922454,3.0945226182284333,-0.3913739593461138,-0.26951989670930065,-0.41748554419685946,-0.4370692328349187,-0.4370692328349187,-0.43271730202646114
2012014148,-0.44565137115844167,0.1570989318849788,-0.10478568254078319,-0.44862668559652263,3.110575416797739,-0.3063952666622031,-0.27521852684961245,-0.34588580375815137,-0.44772982047928106,-0.44772982047928106,-0.44565137115844167
2011014316,-0.3601617070674634,-0.17232730347548156,-0.3118082962418047,-0.3652223635995964,3.156619057214098,-0.27089387169701656,-0.24671716628418724,-0.3359850016546341,-0.36574094677811636,-0.36574094677811636,-0.36202145363768107
2011014323,-0.4476629019593715,0.2737610133526186,-0.05770402881775521,-0.4524511369163148,3.085364488703672,-0.41646619210804214,-0.23318552173148252,-0.39696824845096135,-0.45156249069078763,-0.4535122850564957,-0.44961269632507955
2011014235,-0.43576673410934974,0.184204535891003,-0.15259646545866962,-0.4412106208123476,3.110297311948031,-0.2641483894725739,-0.30705297563176787,-0.3757003134864782,-0.44005719272526916,-0.44005719272526916,-0.4379119634173094
2011014269,-0.3668700518851704,-0.23631097933360593,-0.2773438307069548,-0.3693050822073976,3.156359777399191,-0.17849196148934166,-0.30159051560938815,-0.31651155247242413,-0.3706003111009294,-0.3706003111009294,-0.3687351814930499
2012014148,-0.39757074834891354,-0.06779301741488408,-0.23374568201394408,-0.3986345474809588,3.142752763097699,-0.14438655492214253,-0.3294876038980171,-0.3762947657080084,-0.3996983466130041,-0.3996983466130041,-0.395443150084823
2011014235,-0.43526746495850666,0.19617068430490736,-0.1484522492719559,-0.43869581401583874,3.108790316470655,-0.368566252008146,-0.2729611801126291,-0.3263221504729176,-0.4397142124885307,-0.4397142124885307,-0.43526746495850666
2011014265,-0.37148557621593425,-0.21960600519577161,-0.2965070538135755,-0.37435749809237817,3.154427502910373,-0.25805652950467356,-0.16193021873241872,-0.3503377878460382,-0.3753306286468244,-0.3753306286468244,-0.37148557621593425
2011014200,-0.4503186894807986,0.3373889252696611,-0.07302882727555507,-0.45311358772235977,3.075961193374063,-0.28467923778093557,-0.3951055389141776,-0.398786415618619,-0.45399956618524,-0.45399956618524,-0.4503186894807986
2010014436,-0.39452325572164987,0.021667492112859666,-0.23331519390220695,-0.4000095796683552,3.1394103347516285,-0.33341170287506366,-0.2617636753997557,-0.34184088257804107,-0.4008451404988829,-0.4008451404988829,-0.39452325572164987
2010014385,-0.3917620184870975,0.0328874304472295,-0.22596689358830485,-0.39519235443181194,3.138069672906553,-0.36181193140860596,-0.25484733469970744,-0.35967263947442796,-0.39604060235545346,-0.39604060235545346,-0.3896227265529196
2011014273,-0.34175439025898857,-0.26368814232294674,-0.2847871282516067,-0.3444052884901854,3.160677273898565,-0.3269851001089266,-0.25735844654434875,-0.31010591136599863,-0.3459741874447206,-0.3459741874447206,-0.3396444916661226
2016014537,-0.4481599539527965,0.3151437730937283,-0.16625800930493223,-0.45385296830695093,3.086456736631963,-0.36142089406114597,-0.246491639704709,-0.37443175304489357,-0.45249690694737904,-0.45249690694737904,-0.44599147745550527
2017040376,-0.4028566473124644,-0.3000620087305017,-0.3302957259604908,-0.40671984451474597,3.140535012042249,-0.07330912950558406,-0.08842598812057857,-0.32424898251449297,-0.4089033907584622,-0.4089033907584622,-0.3968099038664666
2016014417,-0.47039772642389976,0.3650882799930953,-0.12378743274006901,-0.47707063313945813,3.0707178859131474,-0.2841593596684086,-0.29967922356469956,-0.3591720351671481,-0.4755710143893301,-0.4781576583720452,-0.4678110824411846
2018040451,-0.4010291098896676,-0.07401413783700495,-0.22830993450974013,-0.4021081014758706,3.145471291244843,-0.3112151386921053,-0.19606902177215368,-0.33424436207609565,-0.40333203222806663,-0.40333203222806663,-0.3918174205360715
2017040392,-0.35318261309528315,-0.19897766153417346,-0.2630320260287882,-0.3565110322573037,3.157945514757676,-0.35081022922511224,-0.2464253389375918,-0.32708639052340305,-0.357927380835625,-0.357927380835625,-0.3460654614847704
2018040447,-0.33812065015120385,-0.3083491101678021,-0.3193175722669501,-0.33866907325616125,3.159251836319993,-0.1814283344490893,-0.3271521880520558,-0.33498680383716156,-0.33968757330822497,-0.33968757330822497,-0.3318529575231193
2016014415,-0.38243944564101495,-0.02588644164508178,-0.16469715312441455,-0.3889189037860684,3.142263914471454,-0.28173363535208723,-0.3606652163893549,-0.38243944564101495,-0.38788300295392997,-0.3906047816103875,-0.37699588832809994
2017040399,-0.3687190223720816,-0.26025844148844,-0.28195055766516836,-0.3719470158494702,3.1508268273020876,-0.0731639394641583,-0.3334693335848981,-0.3524499352395354,-0.3741420514162637,-0.3741420514162637,-0.3605844788058085
2017040391,-0.349015564397864,-0.21119393246685567,-0.25983686138368217,-0.35263574045065166,3.15868008749329,-0.35171794933768774,-0.25713447644385845,-0.3273964848792745,-0.3544203342775114,-0.3544203342775114,-0.34090840957839297
2017040335,-0.3476292657828625,-0.12698747514487105,-0.250943537301046,-0.35147054155405777,3.1553690507506422,-0.335233659567245,-0.3476292657828625,-0.350108387025986,-0.3525875082691095,-0.3525875082691095,-0.34019190205349203
2018040497,-0.374047055058615,-0.05729371689688265,-0.20674775673375637,-0.37509218820537255,3.1481608390074083,-0.316049964972664,-0.3405871953936433,-0.3606631111926263,-0.3762777123696131,-0.3762777123696131,-0.3651244258146225
2017060374,-0.41129638511014216,0.062262431010528085,-0.05242759476869673,-0.4117426498015446,3.1237461836656424,-0.4001973503573139,-0.315104750585631,-0.3687500852243007,-0.41129638511014216,-0.41129638511014216,-0.40389702860825666
2017040394,-0.334709203081832,-0.3170405956979459,-0.3246128560053257,-0.3380746521064928,3.1611509721584863,-0.26151068677716105,-0.2640347735462876,-0.3145165089288193,-0.33975737662008515,-0.33975737662008515,-0.32713694277445227
2017040266,-0.3953250854133447,0.0017310430957818842,-0.18040479566987253,-0.39797433397803667,3.1399315450280074,-0.35343384249724424,-0.28057950699098244,-0.3479697673342746,-0.3971464438010013,-0.39896780218865785,-0.3898610102503751
2016014410,-0.3341898945483423,-0.22670255234186626,-0.27169725373062364,-0.3401674514965588,3.160398579978483,-0.3066931325885461,-0.3341898945483423,-0.3391893058137598,-0.33668960018105104,-0.3416890114464685,-0.3291904832829248
2017040386,-0.32136350515486295,-0.29519399516355777,-0.3039171651606595,-0.32506424394230515,3.1620890470210945,-0.30100944182829226,-0.32427122848723017,-0.32427122848723017,-0.32717895181959744,-0.32717895181959744,-0.3126403351577612
2017040381,-0.33658353433553295,-0.23239903554697366,-0.2641073612652308,-0.33950900486386515,3.160391816306543,-0.3026103282088288,-0.33884841474397986,-0.33884841474397986,-0.33884841474397986,-0.33884841474397986,-0.3297888931101921
2017040385,-0.39542703485091235,-0.1848088967411389,-0.2901179657960256,-0.39850450575952756,3.14997828999694,-0.2715340124333986,-0.1352516877741334,-0.28805308208906705,-0.3974919185578709,-0.3995568022648295,-0.38923238373003666
2018040410,-0.3738396742406768,-0.06915510174496985,-0.21291472397885974,-0.37484498628527574,3.149343903491371,-0.31590669214642264,-0.32878068816736805,-0.3566743462127496,-0.3759853402441677,-0.3759853402441677,-0.36525701022671325
2017040347,-0.35069285931806055,-0.13776006054353038,-0.25868485984758455,-0.354778584594516,3.15612632049951,-0.3375488593937068,-0.32177605948448235,-0.3401776593785776,-0.355950459287802,-0.355950459287802,-0.3428064593634483
2017040395,-0.3496592914580769,-0.20514140425453034,-0.2599585338834618,-0.3530645979964623,3.158637004793536,-0.3471676037476709,-0.26494190930427375,-0.3272341020644231,-0.35464266687888885,-0.35464266687888885,-0.34218422832685896
2017040390,-0.36140472095191056,-0.14450456804439837,-0.2348796317558618,-0.3650377384627548,3.1554763297627515,-0.31750826143491406,-0.3097618274025029,-0.3381654188546771,-0.36398686562938093,-0.36656901030685135,-0.3536582869194994
2017040377,-0.4260885197080116,-0.13020583196518892,-0.27080257011248765,-0.4291701724603707,3.1391929446540856,-0.17847038386650044,-0.10922124418201001,-0.31487020445716335,-0.43028543726464735,-0.43028543726464735,-0.4197931433730579
2018040445,-0.34379236357068366,-0.34075727849903237,-0.34075727849903237,-0.34379236357068366,3.158695809114917,-0.31040642778251937,-0.17989776970151342,-0.277020491994355,-0.34682744864233495,-0.34682744864233495,-0.32861693821242716
2016014350,-0.3271181595905236,-0.2896452088257408,-0.31331233562455096,-0.3321384592136172,3.1618107826674136,-0.3152845961911185,-0.27583938485976817,-0.3271181595905236,-0.3290904201570911,-0.33106268072365863,-0.32120137789082104
2017040269,-0.3384982700187759,-0.2580800263619506,-0.2802643694396955,-0.34198693687338605,3.161081850495484,-0.30799479828687665,-0.29135654097856795,-0.32740609847990343,-0.34404435578821213,-0.34404435578821213,-0.32740609847990343
2017040382,-0.36775094487250826,-0.07410855739350473,-0.22512464238270655,-0.37195890431869905,3.150364516542601,-0.34258159737430793,-0.31461565570964095,-0.3509713798737081,-0.3733441332054417,-0.3733441332054417,-0.35656456820664145
2016014393,-0.3362025825441677,-0.30253551446247157,-0.32630050369661,-0.3413516635448977,3.161211666413207,-0.2629271990722408,-0.2787705252283331,-0.2985746829234485,-0.3421438298527023,-0.3421438298527023,-0.3302613352356331
2017040351,-0.33199840602854513,-0.2367836427131002,-0.29391250070236713,-0.3362628510276333,3.1610231967437765,-0.3156758751744688,-0.3156758751744688,-0.33471882783755785,-0.3374392496465705,-0.3374392496465705,-0.32111671879249426
2017060246,-0.34078966226013085,-0.319912077752858,-0.34542912548396926,-0.34542912548396926,3.1596853401259533,-0.2781569087383123,-0.20624522876881682,-0.30135422485750435,-0.34542912548396926,-0.34542912548396926,-0.33151073581245405
2018040450,-0.36387437066032574,-0.13608101240916262,-0.2715257119098542,-0.3650836983338527,3.155635623940978,-0.29615202090997994,-0.30641298299336567,-0.3310392919934914,-0.3659265630770029,-0.3659265630770029,-0.35361340857694
2018040456,-0.32559589840473496,-0.32090185530846743,-0.32090185530846743,-0.32559589840473496,3.162078122122,-0.3044727044715313,-0.2927375967308626,-0.30212568292339753,-0.3279429199528687,-0.3279429199528687,-0.31386079066406625
2017040370,-0.3437194795596426,-0.2515262368775224,-0.31695369942612384,-0.3486761055112856,3.159623742360927,-0.33777152841886066,-0.21881250560322166,-0.3110057482853419,-0.34966743070042455,-0.34966743070042455,-0.3318235772780787
2017040366,-0.3189389999485042,-0.3189389999485042,-0.32439094866557266,-0.32439094866557266,3.1621302558997,-0.291679256363162,-0.30803510251436733,-0.3189389999485042,-0.32439094866557266,-0.32439094866557266,-0.30803510251436733
2018040538,-0.36730979586237794,-0.08677751881958921,-0.21333343327498264,-0.36825424298511644,3.150944625997559,-0.31246889959837415,-0.34832640869406895,-0.35887273489868504,-0.3694190611033012,-0.3694190611033012,-0.35676346965776184
2018040530,-0.3532558129587885,-0.31526230519888987,-0.3390082475488265,-0.35465263309674067,3.158769060596838,-0.24164988391408634,-0.21078015885916873,-0.29151636284895327,-0.35563040719378214,-0.35563040719378214,-0.34138284178382017
2016014323,-0.43590302435502076,0.33794347759161,-0.04983769633286574,-0.4384748993384396,3.0764335376954293,-0.3930068767970035,-0.379280109578438,-0.4101653358202104,-0.4376188702573414,-0.4376188702573414,-0.4324713325503794
2016014281,-0.3761804408883781,-0.20718097477453848,-0.31308730687254466,-0.3798091740127151,3.152528411568593,-0.31308730687254466,-0.12380790482504425,-0.3085806544428422,-0.3784337671032293,-0.3806870933180805,-0.3716737884586757
2014014375,-0.5018765408136244,0.835733483260207,0.14879821487289296,-0.5089483058074201,2.8965392884221495,-0.46158708225718376,-0.4212976237007431,-0.475688392751938,-0.5038910137414465,-0.5059054866692686,-0.5018765408136244
2015014386,-0.4038176057101519,0.2657120706769791,-0.13299661301423374,-0.4103095081073594,3.099302086847234,-0.39378719857326605,-0.3962948003574875,-0.40632520749437334,-0.40883280927859483,-0.41134041106281627,-0.4013100039259304
2015014275,-0.42022949960767614,0.16525921164221355,-0.10769104164510157,-0.42535777148909265,3.1114550753694163,-0.3827248846521672,-0.2535423220276364,-0.4223130893274266,-0.4223130893274266,-0.4243966790471771,-0.4181459098879256
2016014308,-0.3562269777518032,-0.11123444117177737,-0.2731425523029249,-0.35974117764568614,3.154622589934132,-0.31574994996901634,-0.3264017993855392,-0.33918401868536663,-0.36048771751841235,-0.36048771751841235,-0.35196623798519405
2016014537,-0.43782908135764764,0.28750643561870565,-0.18666812622553725,-0.4414013081828148,3.0935805550257323,-0.4010210103469073,-0.23430210047473057,-0.3620477586884764,-0.4421594426530288,-0.4421594426530288,-0.4334987200622664
2015014309,-0.4057531899900709,-0.059883596923514616,-0.172867663991923,-0.4111032425191981,3.1428688348727962,-0.33888506866387,-0.24434737989234465,-0.28815752834744174,-0.40805898727718126,-0.41036478456429165,-0.40344739270296054
2016014350,-0.34285458502646543,-0.3032900389502722,-0.3270287665959881,-0.3459118454041812,3.1586077427166366,-0.32900699389979776,-0.1707488095950248,-0.30922472086170116,-0.3448328123302751,-0.3468110396340847,-0.3388981304188461
2015014391,-0.4203952913831782,-0.15351383613135947,-0.23124629882606396,-0.4263107806827821,3.1423425821241104,-0.15351383613135947,-0.17165141076012386,-0.3167520077902389,-0.42298637347300166,-0.4281685376526487,-0.4178042092933547
2017040381,-0.3394747653130071,-0.2254125679070469,-0.2593885416024393,-0.3401825980991367,3.16005052531241,-0.3006450810897015,-0.3394747653130071,-0.3394747653130071,-0.3419016205769637,-0.3419016205769637,-0.33219419952113727
2017060374,-0.36942001097796184,-0.16299719250062727,-0.1998584100858656,-0.3679060681136437,3.1545123901708205,-0.3565185848231284,-0.2717377843770803,-0.32518654987567586,-0.36942001097796184,-0.36942001097796184,-0.36204776746091416
2015014267,-0.3459625811770248,-0.23871745123981405,-0.27576576885448684,-0.3505011681808389,3.1599782120430637,-0.2913650604817175,-0.2718659459476792,-0.34401266972362093,-0.34986240408383246,-0.34986240408383246,-0.3420627582702171
2017040390,-0.3610352505574179,-0.1529929661195124,-0.23865743618217938,-0.3620313490460633,3.156103134586938,-0.316979237382332,-0.30963656851981775,-0.3365596876823702,-0.3634828068449227,-0.3634828068449227,-0.3512450254073988
2015014325,-0.42450660481274655,0.15565828739737889,-0.11830846725740257,-0.42848447245410043,3.1144992376690186,-0.3713248230268184,-0.27624224347015897,-0.3745479613168746,-0.4277297431028028,-0.4277297431028028,-0.42128346652269033
2015014268,-0.3908335767017385,-0.18698776229076755,-0.2957055299766187,-0.39572300011711625,3.1502594279231286,-0.23552248000766537,-0.14233582199122152,-0.3248263606067574,-0.39471635411909034,-0.3966577428277662,-0.3869507992843867
2016014282,-0.37085691310541696,-0.3090560339936935,-0.3554066933274861,-0.3741514452640599,3.153724473735061,-0.14489744885317812,-0.21056088290938427,-0.27429303949334904,-0.37471946804989964,-0.37471946804989964,-0.36506308068869286
2016014337,-0.35512654297667917,-0.3165392893237878,-0.3371191579386632,-0.3589096070595394,3.151168572282721,-0.3499815758229603,-0.05671844806098553,-0.3088218385932095,-0.36027151013039804,-0.36027151013039804,-0.3474090922461009
2016014410,-0.3377280116977568,-0.21915893682012647,-0.2676644674518843,-0.34147723145720194,3.1600596971923385,-0.3053909912765849,-0.3350332599959925,-0.34042276339952116,-0.34042276339952116,-0.34311751510128546,-0.3296437565924638
2016014402,-0.40599944374761787,-0.03690830478725304,-0.3001761101995412,-0.4103961407011067,3.1403727585708525,-0.31824350861018846,-0.13756952450371618,-0.3105003378627682,-0.41116155757923134,-0.41116155757923134,-0.3982562730001976
2016014217,-0.3736033843988379,-0.04590944216180481,-0.2652123111973577,-0.3777854924026828,3.147846133332971,-0.3458754354403197,-0.2526086980343949,-0.36352049386846763,-0.378644829664023,-0.378644829664023,-0.3660412165010602
2015014334,-0.3418931419058743,-0.1818596505334239,-0.2608635260210893,-0.34489423878952064,3.1585862643168383,-0.32973869952315654,-0.33581592071451544,-0.33784166111163505,-0.34391888230299394,-0.34594462270011356,-0.33581592071451544
2016014417,-0.44562692006960636,0.3822841667821615,-0.10215916267599369,-0.4496807071500159,3.0659464204471796,-0.44562692006960636,-0.22262919698569364,-0.443063727850251,-0.45075330450831697,-0.45075330450831697,-0.4379373434115404
2017040266,-0.377760303804305,-0.09970546153295928,-0.24145891053403748,-0.3786807807449735,3.151537105940488,-0.33414385795781937,-0.26144978154701004,-0.32869180222700867,-0.3795776557145752,-0.3795776557145752,-0.37049089616322406
2016014415,-0.36262617221869287,-0.08886709605100145,-0.1864445885464162,-0.3662840124171258,3.150163557616238,-0.3599156863160424,-0.3382317990948392,-0.3599156863160424,-0.3680471440239937,-0.3680471440239937,-0.3517842286080912
2017040385,-0.3940355579673301,-0.21038948885108133,-0.2908636090256173,-0.39492971485747047,3.1509526076699212,-0.26816578025844046,-0.13197880765537962,-0.2846732920891145,-0.39609899694616435,-0.39609899694616435,-0.38371836307315876
2016014411,-0.36429527693074404,-0.14555801443165978,-0.24570278521437305,-0.36810883941070677,3.1539486439882616,-0.3616598882259358,-0.22461967557590712,-0.3511183334067028,-0.3695660543403605,-0.3695660543403605,-0.35375372211151107
2016014338,-0.39417449933653664,-0.14409335935460385,-0.27270651705959786,-0.39775821660683836,3.1450690626934836,-0.2703247919169128,-0.0940771313582173,-0.3894110490511665,-0.3989379496219068,-0.3989379496219068,-0.38464759876579635
2016014301,-0.3685248946128433,-0.10157757526811972,-0.23886476807397758,-0.3723503079113653,3.152637365315177,-0.3024236536322451,-0.33038956327788277,-0.3329319187002135,-0.3736096054575047,-0.3736096054575047,-0.3583554729235205
2016014387,-0.33494774803338134,-0.329022964754489,-0.3329728202737505,-0.3377126468968644,3.1606743865131106,-0.22830164901331887,-0.2855745540426117,-0.30729875939855034,-0.3388976035526429,-0.3388976035526429,-0.3270480369948582
2016014422,-0.3312159732981564,-0.3312159732981564,-0.3312159732981564,-0.33374433950653926,3.1604577604785913,-0.33374433950653926,-0.2174394939209271,-0.28823374775564753,-0.3362727057149221,-0.3362727057149221,-0.3211025084646249
2015016309,-0.3692779836670715,-0.13913463819343744,-0.2542063109302545,-0.3744807415178724,3.154007414311108,-0.36090913474075753,-0.24792967423551898,-0.2960505555618243,-0.37346240813022846,-0.375554620361807,-0.363001346972336
2015014336,-0.3513199667879544,-0.284867385919811,-0.3114484182670683,-0.35655562467534085,3.159591389078956,-0.2250600631384819,-0.2737919557751204,-0.29594281606450157,-0.35796522487476873,-0.35796522487476873,-0.34467470870114003
2015014285,-0.3973061325275707,-0.06432494929120282,-0.2361862051551346,-0.40403003500880597,3.1446469375431487,-0.2872075154897394,-0.1959062233120256,-0.36239681493020953,-0.4026767967733185,-0.4053621288961925,-0.3892501361589489
2016014413,-0.34735483671975864,-0.16062865945042792,-0.23337911812679055,-0.3507007438898756,3.1567922561917072,-0.34007979085212237,-0.3376547755629103,-0.34492982143054657,-0.35220486729818284,-0.35220486729818284,-0.3376547755629103
2015014295,-0.4003934836569671,-0.11346580535285361,-0.26214651138316697,-0.40692610899629217,3.1470759935575265,-0.30909831328747644,-0.168242907574548,-0.2777971120179368,-0.40821878397435196,-0.40821878397435196,-0.39256818333958216
2015014378,-0.387245974383392,0.12378311536104702,-0.1678647994931025,-0.3938588690325325,3.125433778859949,-0.3898269293821013,-0.3536935594001712,-0.387245974383392,-0.39498883937951984,-0.39498883937951984,-0.3795031093872641
2014014375,-0.503202123087424,0.8360511294050584,0.14930622850289826,-0.5082580136472927,2.8962858321115386,-0.46090991511397716,-0.4206316218059326,-0.4750073177717928,-0.5052160377528262,-0.5072299524182284,-0.5011882084220217
2015014309,-0.39190208363163825,-0.08624609736973937,-0.18543247701764032,-0.3945745724525352,3.1464201944200125,-0.2664009501996003,-0.2583041028814043,-0.38582944814299125,-0.39392629546118724,-0.3959505072907362,-0.38785365997254023
2016014323,-0.40427135061057434,0.10494031617328332,-0.13597703155241275,-0.40513176970881243,3.125532819855306,-0.35681793363430087,-0.34221688225698593,-0.3750692478559445,-0.4060964820327387,-0.4060964820327387,-0.3987959563440812
2015014325,-0.443200499237955,0.373351550134605,-0.018389931495844333,-0.446957097017865,3.0646664044528875,-0.36434344774091654,-0.399956309707321,-0.4304816199642391,-0.4482880509474414,-0.4482880509474414,-0.4381129475284687
2015014267,-0.3754763661950841,-0.2622094655409334,-0.29774417947164733,-0.3783677521153276,3.1535649110489468,-0.19780279654151428,-0.1622680826108003,-0.3488253307470487,-0.3799182054364234,-0.3799182054364234,-0.3710345269537449
2015014335,-0.3886395772190325,-0.20206488817778687,-0.2972560560559734,-0.39149531225537804,3.1505680444919433,-0.19444959474753193,-0.15827695095382105,-0.35056311006775787,-0.39244722393415993,-0.39244722393415993,-0.3829281071463413
2015014391,-0.3743312987405027,-0.12618226246096723,-0.19776371523391015,-0.3773926438907206,3.1522482745398186,-0.34569871763132554,-0.2812754101356769,-0.3266103302252074,-0.3767173471662675,-0.3791033955920322,-0.3671731534632084
2016014281,-0.3747684863689142,-0.21666061986541368,-0.3162902343744688,-0.37611483251174793,3.153419383962624,-0.31195851200450986,-0.13002617246623532,-0.3076267896345509,-0.3769343475538936,-0.3769343475538936,-0.3661050416289963
2014014345,-0.3678742447600879,-0.13683899517859927,-0.22991794465027815,-0.3718539785148604,3.1541667182843325,-0.28643016397236887,-0.3013892808517458,-0.34959087968529384,-0.37286061705321355,-0.37286061705321355,-0.3645499965646708
2014014349,-0.38445035592122295,-0.19817428020061356,-0.28284522370998144,-0.38904361625616607,3.1529135062479248,-0.28284522370998144,-0.162424326274436,-0.29413468284456384,-0.38821350896608375,-0.3900950854885141,-0.38068720287636215
2014014286,-0.42306099412854525,-0.04764720237102232,-0.18416130846466702,-0.4292465647956884,3.134181578119312,-0.28917215930593215,-0.11327898414681303,-0.3705555687079127,-0.4283115366706085,-0.43093680794164013,-0.417810451586482
2016014350,-0.3452084942709827,-0.32805250940039576,-0.34030678430795785,-0.34674027863442797,3.154612419328757,-0.32560165441888334,-0.097672141138228,-0.34030678430795785,-0.34765934925249514,-0.34765934925249514,-0.335405074344933
2014014368,-0.4580027136625219,0.4048271595127712,-0.06007660776889356,-0.46299677965046715,3.060294440426687,-0.3398068406248105,-0.3614760840150576,-0.4048145707955518,-0.4599726448798171,-0.4639125073144075,-0.4540628512279315
2014014431,-0.3891099235118005,-0.010976838027321046,-0.18579213382919094,-0.393775678286524,3.141398985182485,-0.3226041044567413,-0.2789002805062738,-0.38720975725308454,-0.39291025602923246,-0.39481042228794844,-0.38530959099436857
2016014287,-0.36353569079293446,-0.30448244988586337,-0.3521060312625336,-0.36502392771095543,3.152989558060396,-0.21304517364265652,-0.11589306763424924,-0.3521060312625336,-0.3654406340480013,-0.3654406340480013,-0.35591591777266723
2015014268,-0.36367402353003286,-0.17491488399042446,-0.2746366935585195,-0.366378120218914,3.156862003543607,-0.3138131187459854,-0.251486987765926,-0.3191553585442762,-0.36723551672889343,-0.36723551672889343,-0.35833178373174207
2015014275,-0.4167031311619364,0.17042956186794836,-0.10512007746015642,-0.4198103768884722,3.1124518648480213,-0.3107225006511269,-0.3721912663473964,-0.41034429333128786,-0.4188227437721526,-0.4188227437721526,-0.41034429333128786
2015014331,-0.3692154734043184,-0.22598788393516678,-0.2573189191315437,-0.3719281171439932,3.15776391727354,-0.26627064347336565,-0.2640327123879102,-0.2976016786697426,-0.3714534044897739,-0.3736913355752294,-0.3602637490624964
2015014334,-0.3513462350238077,-0.14349357102552646,-0.24482174472468854,-0.35259720012995377,3.1561674699471873,-0.33315912692395805,-0.3409536018238936,-0.3435517601238721,-0.3539443933237862,-0.3539443933237862,-0.3383554435239151
2014014315,-0.35826770294833354,-0.26212650255934333,-0.2959058432365561,-0.36430900810791195,3.1573821383031198,-0.3556692921270095,-0.19976464284756587,-0.24133921598875083,-0.36346452459098166,-0.3660629354123057,-0.35047247048436136
2014014287,-0.48126195236125335,0.5424574524142208,-0.02676583731007298,-0.48689342955705533,3.015710583348071,-0.4018354468183286,-0.24077614391184238,-0.4724367850787061,-0.4856745360025269,-0.4878808278231637,-0.47464307689934293
2016014410,-0.3356453991244569,-0.2441254483977344,-0.2791183707344224,-0.3366451969043515,3.1609550712876766,-0.3006524767877689,-0.3302618726111203,-0.3356453991244569,-0.3383371623811252,-0.3383371623811252,-0.32218658284111534
2015014324,-0.37502304353576954,-0.3342233058358313,-0.3505432009158066,-0.3787030198760526,3.150074293738893,-0.24718386540929643,-0.0758249670695559,-0.2635037604892717,-0.380463008562428,-0.380463008562428,-0.3641431134824527
2014014402,-0.37847128507868993,-0.12578827901409564,-0.25698907062455806,-0.38455674927890604,3.151801866958382,-0.24241120489006224,-0.2545594263354754,-0.3663230636332767,-0.38576021794593784,-0.38576021794593784,-0.371182352211442
2016014291,-0.3842640897100233,-0.17897259632560153,-0.2800863169477794,-0.38575105619084266,3.1547161320662025,-0.24025363912692146,-0.2617020041073834,-0.2800863169477794,-0.3873281418500893,-0.3873281418500893,-0.3689438290096933
2015014386,-0.3739375442080929,0.048098333906346546,-0.21316197159306835,-0.37798648785696537,3.13800387010135,-0.3613769525975441,-0.3638890709196539,-0.3739375442080929,-0.3789617808523124,-0.3789617808523124,-0.3638890709196539
2015014375,-0.39776247653727936,-0.014227344341736942,-0.24252206588670266,-0.40258995866994896,3.142327672219989,-0.3581913914694853,-0.23947813626610312,-0.29731279905749447,-0.40080640615787894,-0.40385033577847845,-0.3855867580548812
2015016309,-0.37720931797140306,-0.06737516768518174,-0.2208965935026788,-0.3813592133120712,3.1482008785285753,-0.25997477461985985,-0.32975724090054037,-0.3800006166226303,-0.38279191527385753,-0.38279191527385753,-0.3660441233664942
2014014375,-0.4957124351887782,0.7743147956939888,0.11116766564444272,-0.49876794533802843,2.9265286632184244,-0.4515026265188085,-0.4113118913642905,-0.46556938382288976,-0.49772197194650414,-0.49973150870423,-0.49169336167332645
2015014275,-0.42283343226266956,0.08278803809749896,-0.1534449439560224,-0.42379764851501883,3.126877955962612,-0.3254391326441125,-0.27363365412360346,-0.3440891049114958,-0.4249056514034899,-0.4249056514034899,-0.4166167748402085
2014014431,-0.4182092017212895,0.01485314185608759,-0.18435553618950587,-0.42136069501462425,3.1329020156132024,-0.2233311471114698,-0.2363230174187911,-0.40738264313185507,-0.4225398251570633,-0.4225398251570633,-0.41171326656762885
2014014349,-0.36928905056922673,-0.21863750916410307,-0.2873168883340859,-0.3724856484018788,3.1532984616976356,-0.36485812288084074,-0.13001895539638325,-0.3006096713992439,-0.3737199782576127,-0.3737199782576127,-0.3626426590366477
2013014179,-0.47384820291606805,0.6054129557494291,0.03217216732329133,-0.47856931566872923,2.9954722690571045,-0.3711503417973789,-0.43650352614563565,-0.44583969533824375,-0.4775826705931113,-0.47944990443163293,-0.47011373523902483
2015014309,-0.41472628734458306,-0.003323738540526245,-0.12415525637108839,-0.41556539510825424,3.132541843252634,-0.1903248970878248,-0.3485566466278467,-0.3974646419402171,-0.41760322824531076,-0.41760322824531076,-0.4032185237416724
2013014099,-0.595105404661649,1.643424577202901,0.4123395824191618,-0.6005332266616787,2.371852030863868,-0.34590653893552875,-0.5418577837799994,-0.5525073079563293,-0.5993652143321809,-0.6014951191674469,-0.590845594991117
2014014287,-0.44050027775702344,0.26175802455630703,-0.12788206575947633,-0.44284485775404725,3.096465193249041,-0.30608954892716017,-0.32723280964197016,-0.3906625917864,-0.44352074357342486,-0.44352074357342486,-0.43596957903242134
2013014135,-0.5219725121333845,0.9713224037642617,0.2079860327611889,-0.5256145988204615,2.827419777362988,-0.4682777483936246,-0.40877814533064744,-0.5132652531485585,-0.5248749317949931,-0.5248749317949931,-0.5190700924717758
2013014137,-0.5263809413089092,1.1343284979213675,0.3558074266542977,-0.5313957414341863,2.71576294556048,-0.5243482492168281,-0.5182501729405847,-0.5243482492168281,-0.5284136334009903,-0.5304463254930715,-0.522315557124747
2014014368,-0.5086318295133363,0.6776550193430744,0.04057504495722422,-0.512845790094002,2.962355617140606,-0.22579028916099764,-0.415266660853341,-0.49215562327921947,-0.5113778638856891,-0.514123898258042,-0.5003937263962779
2013014174,-0.48500050161258634,0.5663578875390666,0.07518273276165345,-0.4900025550285745,2.9999075180271593,-0.3814883822173464,-0.37742908341753306,-0.4484668124142664,-0.4890598004123997,-0.49108944981230634,-0.47891155341286634
2014014386,-0.3827161020687896,-0.11733108768176387,-0.25209691530017536,-0.38582608270613755,3.152295222383389,-0.2686834786993645,-0.3080765667724386,-0.2894166829483509,-0.38686274291858685,-0.38686274291858685,-0.37442282036919505
2014014286,-0.42578749912558284,-0.03036649473321862,-0.1731574129860168,-0.42951149831198865,3.1330015404056946,-0.32144028963315335,-0.12098380823980208,-0.35439203999918373,-0.4312794575199212,-0.4312794575199212,-0.41480358233690606
2014014315,-0.3640792499403176,-0.2635953520702843,-0.2989005053759717,-0.36770029130409826,3.1582887375578763,-0.2663111330937987,-0.2201428556940537,-0.2853216002583996,-0.3695108119873464,-0.3695108119873464,-0.35321612584625994
2015014391,-0.3704863381975982,-0.11188518434620696,-0.18577122830374732,-0.3711833763483269,3.151415090445158,-0.36063486566992614,-0.3089146348996479,-0.338469052482664,-0.37294920632951617,-0.37294920632951617,-0.3581719975380081
2013014182,-0.5400813438129933,0.8227859924165462,0.17780762341902742,-0.5470088255384885,2.8895210269868556,-0.391455893565739,-0.3297623104442372,-0.45595373046549087,-0.5456898513694934,-0.5484941051477435,-0.531668582478243
2015014375,-0.39486437080756953,-0.08310832811014432,-0.2672162273409072,-0.39630271377030984,3.147371610392309,-0.35804279096141695,-0.2058469275973196,-0.26476145535116374,-0.39731914279731306,-0.39731914279731306,-0.382590510858852
2015014285,-0.3816301830467522,-0.15466159745476282,-0.2681458902507575,-0.3826170029842818,3.1543014661758195,-0.2761097002715291,-0.2502273177040215,-0.30199208283903667,-0.3836211355519451,-0.3836211355519451,-0.3716754205207878
2015014331,-0.35386654213955576,-0.22179838342991356,-0.2502438329981442,-0.3542975337994342,3.1591464795369264,-0.2786892825663748,-0.31119836778720983,-0.33354836387653386,-0.35589835996585795,-0.35589835996585795,-0.34370745300804484
2014014390,-0.4636222849489421,0.4309434700623816,-0.07918080345647241,-0.4674842541702246,3.0554958917898194,-0.3822981254024581,-0.34040386139366335,-0.36258317763361353,-0.4685510218911533,-0.4685510218911533,-0.4537648110645198
2014014292,-0.48258802938916484,0.7501331500261585,-0.15640407469851228,-0.48625839678469407,2.9656423487691623,-0.46352533073841246,-0.294079120509502,-0.3851564585075414,-0.48682418464488764,-0.48682418464488764,-0.47411571887771936
2012014148,-0.4370789706704195,0.2817291828255992,-0.049565077863906626,-0.4420123713124441,3.086687256663415,-0.3346789264572995,-0.35274952249490893,-0.4390868146745983,-0.4390868146745983,-0.4390868146745983,-0.4350711266662407
2013014137,-0.5270208503822346,1.1284388546987894,0.355619827756788,-0.5300016668055181,2.718819062774171,-0.5229533818193819,-0.5168521789751029,-0.5229533818193819,-0.5290545846636608,-0.5310883189450872,-0.5229533818193819
2013014233,-0.482951059929173,0.3894354304767964,-0.06321793718667829,-0.4871089554465364,3.055975269076175,-0.21958910056133318,-0.30188971286378313,-0.43631404629111803,-0.488437767416003,-0.488437767416003,-0.477464352442343
2012014329,-0.49482562837366995,0.3532436879027141,-0.046188276759883184,-0.5019639297391746,3.056645535691597,-0.23432652098501958,-0.1966988721399923,-0.43983137236939934,-0.5006144974267511,-0.5035089319532916,-0.4919311938471294
2013014243,-0.5240551575627511,0.6497851087102381,0.12731110783971158,-0.5273772621766287,2.9583376323804504,-0.37214641722154074,-0.2685722760798064,-0.46651396803956535,-0.528658452724606,-0.528658452724606,-0.5194518624008962
2013014135,-0.5762553174899735,1.3273407693423487,0.35513380101862857,-0.5790564009217827,2.605681611279454,-0.4426696271859509,-0.47606604976195654,-0.4816321201912908,-0.5799660311095297,-0.5799660311095297,-0.5725446038704173
2013014166,-0.46583065334992546,0.1339892546282016,-0.16862259083824088,-0.4698834905659939,3.1087717712224263,-0.22536231186319886,-0.16862259083824088,-0.3442455368678727,-0.47123443630468337,-0.47123443630468337,-0.4577249789177886
2013014096,-0.42646912566937606,0.21404240079885795,-0.17683386407150023,-0.4291085962452467,3.1094829678847464,-0.32464421633340035,-0.32464421633340035,-0.36077563577519817,-0.42975380016408493,-0.42975380016408493,-0.42154211392731267
2013014174,-0.4609631063702103,0.32034117092543263,-0.03609906963306842,-0.46327735996084923,3.0732055288102846,-0.3957218123394133,-0.23818795602114715,-0.41481682522647584,-0.4641456085180541,-0.4641456085180541,-0.4561893531484447
2012014297,-0.47544664135844983,0.49285694821764336,0.07746043789653828,-0.48239441998088123,3.0167488488582883,-0.47544664135844983,-0.25772157387980166,-0.46112262376117036,-0.4811762483973616,-0.4840410519168175,-0.46971703431953804
2013014256,-0.40185185165878157,-0.17764702178699718,-0.27193877266765415,-0.4048122858358933,3.1435179814539214,-0.17345627730341243,-0.10640436556605634,-0.3997564794169892,-0.4060425961423663,-0.4060425961423663,-0.3955657349334044
2013014143,-0.508890823679395,0.4723659606092693,-0.05964072966771737,-0.5125310932779669,3.030727022296823,-0.315003941000671,-0.18732233533419418,-0.3906671147289535,-0.5136197720374126,-0.5136197720374126,-0.5017974011423685
2013014117,-0.39687182193301923,0.02918935987240959,-0.15576743222917191,-0.39923459414019247,3.135472627221292,-0.2928336263758796,-0.32916442482440456,-0.3985232218624976,-0.40017462179197605,-0.40017462179197605,-0.391917622144584
2012014336,-0.39384659966896307,-0.08684960011868265,-0.20995235736409212,-0.3974866751764582,3.1472574050446673,-0.22363044150247094,-0.31481766909166314,-0.33457490173598814,-0.39688617392193615,-0.3984059610484227,-0.39080702541599
2014014368,-0.531164466923703,0.6085086113484307,-0.011855305642065744,-0.5326887025919913,2.983295370506621,-0.3795823333604143,-0.15501620956294954,-0.39361771609775587,-0.5339715434711714,-0.5339715434711714,-0.5199361607338299
2013014099,-0.5196869172648405,1.1167696597062098,0.21319507127339063,-0.5221159173977921,2.759490185297245,-0.4711413154599577,-0.5040270457148783,-0.5118569814898594,-0.522818891574833,-0.522818891574833,-0.5149889557998518
2013014165,-0.40834556321731974,0.057190486165432756,-0.1816346990197711,-0.4109574542469071,3.1324973997459202,-0.2681655632173088,-0.3218146990197821,-0.37200260025435394,-0.4118067977852212,-0.4118067977852212,-0.40315371136546746
2013014232,-0.4184770793819767,0.27591274734069454,-0.0570528662927175,-0.42267645808189114,3.0904682335239806,-0.4042477796540531,-0.4014019197084684,-0.4042477796540531,-0.4241687992731461,-0.4241687992731461,-0.4099394995452225
2014014375,-0.48418793263269133,0.6898752102124662,0.04669279282772773,-0.48530456877398426,2.9665367828600324,-0.437225406918885,-0.39638842803731433,-0.45151834952743475,-0.4862297815767699,-0.4862297815767699,-0.4760205368563772
2013014169,-0.4335446617999573,0.16544829625855614,-0.02501490238677762,-0.4371746929827759,3.1052063623060993,-0.37281726513043056,-0.32313121330990874,-0.378337937554933,-0.4390653342244597,-0.4390653342244597,-0.42250331695095245
2013014257,-0.39637845284091144,-0.1530179581230125,-0.28185586709131194,-0.4000031660912496,3.1466640437873226,-0.3057147391224785,-0.09814255245132941,-0.3224159495442951,-0.4011502272471447,-0.4011502272471447,-0.3868349040284448
2013014120,-0.35801398331098516,-0.33143369962778474,-0.33364872326805145,-0.36038722292460734,3.155013510152001,-0.32257360506671795,-0.12543650108298166,-0.24947782493791687,-0.36244403059151853,-0.36244403059151853,-0.3491538887499184
2013014150,-0.5004756253381509,0.4698267739515725,0.0023421446019018213,-0.504495744826528,3.0246846320253544,-0.4515528152899296,-0.1580159550006015,-0.3808865341091654,-0.5059114931212867,-0.5059114931212867,-0.4896038897718795
2013014168,-0.457503790104125,0.3330286626910816,-0.09283881994375551,-0.4614188546701471,3.0769413052963794,-0.32999855578231746,-0.271346147994286,-0.42435242918045507,-0.4626039994769973,-0.4626039994769973,-0.4473033713583804
2013014179,-0.5215279888052985,0.9003353787544727,0.13862286041888103,-0.5256270922447379,2.86475187340942,-0.5188553133023666,-0.26227846502090413,-0.5108372867935709,-0.5268733398111622,-0.5268733398111622,-0.5108372867935709
2013014182,-0.5260746234739125,0.8123922818967503,0.1802621212494147,-0.5301157151910328,2.895673420030143,-0.47110678341762247,-0.3364355752797118,-0.44637125539229194,-0.5315714074795415,-0.5315714074795415,-0.5150810554626545
2013014229,-0.40962346481609857,0.2107740290532311,-0.09677344654011182,-0.4135779034276028,3.1059623337767692,-0.40697219347477664,-0.3512954953070163,-0.40962346481609857,-0.4149260074987424,-0.4149260074987424,-0.39901837945081087
2012015301,-0.4876231499951438,0.47377511064327615,0.024200384445453877,-0.4933045888420399,3.028281760013466,-0.37695860200798753,-0.2570720083552349,-0.441512921667162,-0.494539684244341,-0.494539684244341,-0.48070661574594653
2011014316,-0.3688053104685839,-0.16629110897358665,-0.3166729417669015,-0.37426147183757136,3.1541397591028044,-0.19436238442833875,-0.26654566416912984,-0.3507594905333861,-0.3748205837803165,-0.3748205837803165,-0.36680021936467305
2011014235,-0.4410867217754212,0.41734427098736226,-0.049000593593111805,-0.4486244921416833,3.057984937306098,-0.4232646250398617,-0.3757390337450363,-0.40544252830430216,-0.4470274206872744,-0.4470274206872744,-0.43811637231949463
2011014323,-0.4717062563957291,0.29483818550012897,-0.05735790942499501,-0.47679396532086094,3.077187335408609,-0.27281904984977673,-0.24381466556182535,-0.4261279382289484,-0.4758497398654365,-0.47792148160029013,-0.46963451466087547
2012014148,-0.41137311124932885,0.12086934258259167,-0.11038082701334619,-0.41400038269067,3.1197802721045162,-0.27923015719450717,-0.3783373727356234,-0.4132084300556458,-0.4132084300556458,-0.4132084300556458,-0.4077024736366949
2012014297,-0.42802479288563233,0.23964076854521774,-0.04593889637358245,-0.4308317848386418,3.0954374177332196,-0.39060400920661714,-0.34530516580570403,-0.4083296435808875,-0.43196382274658135,-0.43196382274658135,-0.4221162480942089
2013014137,-0.489341791082677,0.763375140745578,0.20945268789634966,-0.49028223667323123,2.9130203519950837,-0.4829503781651859,-0.4765589652476948,-0.4829503781651859,-0.491472262055174,-0.491472262055174,-0.48081990719268886
2011014200,-0.4582285365247984,0.30100247638823774,-0.09635207242606154,-0.4626982813049941,3.084258222324111,-0.28970763412587686,-0.32518571884143926,-0.3748550374432267,-0.46177634499635467,-0.46177634499635467,-0.45468072805324217
2012014344,-0.34791996799515623,-0.1936923694665549,-0.24724361895565258,-0.350785683508704,3.1586158485509603,-0.31793126828126156,-0.3264994681995172,-0.3286415181790811,-0.35220406795428405,-0.35220406795428405,-0.3414938180564645
2012014336,-0.3808583485629729,-0.04663880049970707,-0.17999733938209395,-0.3831552797351717,3.145734124104591,-0.35780872455860974,-0.31664868169367555,-0.33640550226884397,-0.38415115199216765,-0.38415115199216765,-0.3759191434191808
2011014275,-0.35490575640781513,-0.2506895781127537,-0.317545239660529,-0.3600322934800002,3.156982817837084,-0.3077135247270326,-0.16220414371128652,-0.33327598355412313,-0.3588384423812137,-0.36080478536791294,-0.3509730704344166
2012014329,-0.4451937349356133,0.14377919147414794,-0.12821921454054178,-0.4483173983730804,3.1122027405793444,-0.28884819447047666,-0.2224548827661036,-0.38522558242843763,-0.44947717440041157,-0.44947717440041157,-0.43876857573841593
2011014302,-0.3729495275706881,-0.12206207058403303,-0.2252640032452103,-0.37545056307477326,3.1501509322419152,-0.36939084023754404,-0.19145647358034187,-0.3729495275706881,-0.37650821490383213,-0.37650821490383213,-0.36761149657097203
2011014333,-0.5038777881275329,0.9232975102569747,0.10657414614240296,-0.5110385622472388,2.868938835007729,-0.4481287530343881,-0.45091620478904537,-0.4676409153169888,-0.5094526916368475,-0.5122401433915047,-0.4955154328635612
2011014265,-0.3798875621962944,-0.16116708386488246,-0.2753877781046198,-0.38597619677807093,3.153663276624516,-0.24136459258640017,-0.2340739099753531,-0.3337132389929963,-0.38474801727032576,-0.38474801727032576,-0.37259687958524734
2012014399,-0.3880269239708315,-0.11149265760313315,-0.2265470603984529,-0.390873151781099,3.1483820882642597,-0.35371245296170106,-0.18012159962139404,-0.3335274700151537,-0.39206392056014094,-0.39206392056014094,-0.37995293079221254
2012014377,-0.43131986249794546,0.1958905556866413,-0.16723126536759317,-0.4353174964989961,3.1110223778562993,-0.3246686982722263,-0.29673625049882363,-0.3576797729135203,-0.43639848936583686,-0.43639848936583686,-0.4211626087621627
2012014315,-0.44090430343423254,0.33012780133318387,-0.027289413413227822,-0.4441882023715288,3.074822261744308,-0.44090430343423254,-0.34649220897291627,-0.3824587211486558,-0.4454001174562,-0.4454001174562,-0.43191267539029765
2011014226,-0.3494361581601759,-0.3518891241715109,-0.3567950561941809,-0.3567950561941809,3.148493374003525,-0.332265396080831,-0.02319167865262179,-0.324906498046826,-0.3567950561941809,-0.3567950561941809,-0.33962429411483597
2011014326,-0.39864909386803254,-0.10416280036810208,-0.27792800460719147,-0.40336685262298577,3.1443319651963484,-0.2120801377376418,-0.15537780793330738,-0.39499087904194646,-0.4023073086941186,-0.40413641610716167,-0.3913326642158603
2012014289,-0.3555857771753271,-0.33457399370599006,-0.3380759576175462,-0.35758689941075217,3.153382062203958,-0.25577980569597614,-0.09644044772017028,-0.3503328313079928,-0.35908774108688324,-0.35908774108688324,-0.34683086739643665
2011014278,-0.4736320783019171,0.5418812613954699,-0.07292662124530794,-0.4787428860264045,3.024683701197205,-0.32238541068741267,-0.3597060169819008,-0.434347229570877,-0.4795248056115731,-0.4795248056115731,-0.4657751085557091
2012014148,-0.3972600898507553,-0.07449218268109233,-0.2369173230632453,-0.3983012766480768,3.144857394636966,-0.3785187274989684,-0.17861086241324167,-0.291059036523963,-0.3993424634453983,-0.3993424634453983,-0.39101296906682637
2011014265,-0.3897605165866476,-0.2028911453319899,-0.29750854849890523,-0.3932940677531328,3.151295796935157,-0.26439245739048484,-0.13902439819432208,-0.29041224326138654,-0.3944913867449934,-0.3944913867449934,-0.38502964642830184
2011014200,-0.4563469389824472,0.5186925568191828,0.010669641950576519,-0.45980651728439365,3.0246351862158956,-0.44723442033009553,-0.4085062160576009,-0.4085062160576009,-0.4609031983086231,-0.4609031983086231,-0.4517906796562714
2011014235,-0.47423857757505566,0.330298524323389,-0.10879742917752269,-0.47860675523125173,3.0725235758645666,-0.38075363263615186,-0.17112072580345855,-0.36092349280062686,-0.4799043318137771,-0.4799043318137771,-0.4685728233363342
2011014273,-0.3735052642572602,-0.30189197884343505,-0.32124692084717155,-0.3759370390210382,3.15490066302391,-0.19350430362251042,-0.18382683262064214,-0.28060154263932485,-0.3773762526580075,-0.3773762526580075,-0.36963427585651293
2010014436,-0.468211999466097,0.33136029905876413,-0.10245020333238392,-0.47540486710045693,3.073156088681249,-0.1846757233934512,-0.3774803911228503,-0.3774803911228503,-0.47671808774827634,-0.47671808774827634,-0.46537663670537055
2011014269,-0.3618824086687927,-0.22281457053227877,-0.26652160537518316,-0.36447613422222175,3.1585205795869595,-0.2883751227966353,-0.3022819066102867,-0.26254823857128273,-0.3658557754726931,-0.3658557754726931,-0.3579090418648923
2010014385,-0.44071374160537546,0.2513234755891041,-0.12414352522917735,-0.44693923504794986,3.0980013902898,-0.357276630312424,-0.3204661400361219,-0.3253742054062955,-0.44807583966063586,-0.44807583966063586,-0.43825970892028865
2011014323,-0.4175936031707813,0.14382860920602852,-0.14043580212400178,-0.4202641689846138,3.1179450127464703,-0.2825680077890169,-0.32876097463014686,-0.4175936031707813,-0.4211469083124067,-0.4211469083124067,-0.41226364545834326
2010014318,-0.34977680781282605,-0.3085606089387741,-0.33603807485480874,-0.35422917497584616,3.1570347797210956,-0.15056517992157487,-0.2724964349239786,-0.3291687083758001,-0.35492883267208253,-0.35492883267208253,-0.3463421245733217
2010014330,-0.3367059853763001,-0.3245145244179745,-0.3314810735370177,-0.340885914847726,3.160501672383371,-0.3053565143406058,-0.22872447403113094,-0.27574868058467233,-0.34193089721558245,-0.34193089721558245,-0.3332227108167785
2010014431,-0.374903146425474,-0.12524131334262162,-0.24472233346084382,-0.37930527565099714,3.1524618952736825,-0.2536388274995171,-0.2768217120000677,-0.36598665238680067,-0.38025304284867795,-0.38025304284867795,-0.37133654881000466
2011014326,-0.38795717234534977,-0.11763024782012108,-0.2761552961528169,-0.3905924732135405,3.1496544325527047,-0.2761552961528169,-0.18437763659178247,-0.35124610852093596,-0.3912945417839328,-0.3912945417839328,-0.3829511181874751
2011014275,-0.3665790859940354,-0.2403740504829201,-0.31895454429172776,-0.37038904933022,3.1528745458064997,-0.31657331720661236,-0.10226287954622792,-0.3356231338875354,-0.3713415401642661,-0.3713415401642661,-0.35943540473868923
2011014333,-0.4678634979084985,0.5583739708264629,-0.02893060465438852,-0.47109882486816496,3.01681031661122,-0.41634555269087997,-0.34215971157750924,-0.4451956020127463,-0.471984933525908,-0.471984933525908,-0.45962062667367953
2010014411,-0.3339655896371723,-0.3282003330677924,-0.3368482179218623,-0.34146042317736625,3.1597798914070694,-0.19848206025674384,-0.29360879365151277,-0.31666981992903254,-0.34261347449124224,-0.34261347449124224,-0.32531770478310246
2011014271,-0.35955430871138405,-0.20363712455247307,-0.3047262879082505,-0.36235466461236143,3.1562925252895533,-0.183076616751298,-0.3115797905086422,-0.35441418176109024,-0.36298106001157987,-0.36298106001157987,-0.3509874304608944
